date,away,away-score,home-score,home,win,loss
3/18/2025,LAD,4,1,CHC,LAD,CHC
3/19/2025,LAD,6,3,CHC,LAD,CHC
3/27/2025,NYM,1,3,HOU,HOU,NYM
3/27/2025,BAL,12,2,TOR,BAL,TOR
3/27/2025,MIN,3,5,STL,STL,MIN
3/27/2025,CHC,10,6,AZ,CHC,AZ
3/27/2025,DET,4,5,LAD,LAD,DET
3/27/2025,ATH,2,4,SEA,SEA,ATH
3/27/2025,PIT,4,5,MIA,MIA,PIT
3/27/2025,PHI,7,3,WSH,PHI,WSH
3/27/2025,ATL,4,7,SD,SD,ATL
3/27/2025,BOS,5,2,TEX,BOS,TEX
3/27/2025,SF,6,4,CIN,SF,CIN
3/27/2025,CLE,7,4,KC,CLE,KC
3/27/2025,LAA,1,8,CWS,CWS,LAA
3/27/2025,MIL,2,4,NYY,NYY,MIL
3/28/2025,NYM,3,1,HOU,NYM,HOU
3/28/2025,BAL,2,8,TOR,TOR,BAL
3/28/2025,CHC,1,8,AZ,AZ,CHC
3/28/2025,DET,5,8,LAD,LAD,DET
3/28/2025,ATH,7,0,SEA,ATH,SEA
3/28/2025,PIT,4,3,MIA,PIT,MIA
3/28/2025,ATL,3,4,SD,SD,ATL
3/28/2025,BOS,1,4,TEX,TEX,BOS
3/28/2025,COL,2,3,TB,TB,COL
3/29/2025,NYM,1,2,HOU,HOU,NYM
3/29/2025,BAL,9,5,TOR,BAL,TOR
3/29/2025,MIN,1,5,STL,STL,MIN
3/29/2025,CHC,4,3,AZ,CHC,AZ
3/29/2025,DET,3,7,LAD,LAD,DET
3/29/2025,ATH,4,2,SEA,ATH,SEA
3/29/2025,PIT,4,5,MIA,MIA,PIT
3/29/2025,PHI,11,6,WSH,PHI,WSH
3/29/2025,ATL,0,1,SD,SD,ATL
3/29/2025,BOS,3,4,TEX,TEX,BOS
3/29/2025,COL,2,1,TB,COL,TB
3/29/2025,SF,2,3,CIN,CIN,SF
3/29/2025,CLE,3,4,KC,KC,CLE
3/29/2025,LAA,1,0,CWS,LAA,CWS
3/29/2025,MIL,9,20,NYY,NYY,MIL
3/30/2025,BAL,1,3,TOR,TOR,BAL
3/30/2025,MIN,2,9,STL,STL,MIN
3/30/2025,CHC,6,10,AZ,AZ,CHC
3/30/2025,ATH,1,2,SEA,SEA,ATH
3/30/2025,PIT,2,3,MIA,MIA,PIT
3/30/2025,PHI,1,5,WSH,WSH,PHI
3/30/2025,ATL,0,5,SD,SD,ATL
3/30/2025,BOS,2,3,TEX,TEX,BOS
3/30/2025,COL,4,6,TB,TB,COL
3/30/2025,SF,6,3,CIN,SF,CIN
3/30/2025,CLE,6,2,KC,CLE,KC
3/30/2025,LAA,3,2,CWS,LAA,CWS
3/30/2025,MIL,3,12,NYY,NYY,MIL
3/31/2025,SF,7,2,HOU,SF,HOU
3/31/2025,CHC,18,3,ATH,CHC,ATH
3/31/2025,WSH,2,5,TOR,TOR,WSH
3/31/2025,KC,11,1,MIL,KC,MIL
3/31/2025,LAA,5,4,STL,LAA,STL
3/31/2025,ATL,1,6,LAD,LAD,ATL
3/31/2025,DET,9,6,SEA,DET,SEA
3/31/2025,NYM,10,4,MIA,NYM,MIA
3/31/2025,BOS,5,8,BAL,BAL,BOS
3/31/2025,CLE,2,7,SD,SD,CLE
3/31/2025,COL,1,6,PHI,PHI,COL
3/31/2025,PIT,1,6,TB,TB,PIT
3/31/2025,TEX,3,14,CIN,CIN,TEX
3/31/2025,MIN,0,9,CWS,CWS,MIN
4/1/2025,SF,3,1,HOU,SF,HOU
4/1/2025,CHC,7,4,ATH,CHC,ATH
4/1/2025,WSH,3,5,TOR,TOR,WSH
4/1/2025,KC,0,5,MIL,MIL,KC
4/1/2025,LAA,9,7,STL,LAA,STL
4/1/2025,ATL,1,3,LAD,LAD,ATL
4/1/2025,DET,4,1,SEA,DET,SEA
4/1/2025,NYM,2,4,MIA,MIA,NYM
4/1/2025,CLE,0,7,SD,SD,CLE
4/1/2025,PIT,0,7,TB,TB,PIT
4/1/2025,TEX,1,0,CIN,TEX,CIN
4/1/2025,MIN,8,3,CWS,MIN,CWS
4/1/2025,AZ,7,5,NYY,AZ,NYY
4/2/2025,SF,6,3,HOU,SF,HOU
4/2/2025,CHC,10,2,ATH,CHC,ATH
4/2/2025,WSH,2,4,TOR,TOR,WSH
4/2/2025,KC,2,3,MIL,MIL,KC
4/2/2025,LAA,5,12,STL,STL,LAA
4/2/2025,ATL,5,6,LAD,LAD,ATL
4/2/2025,DET,2,3,SEA,SEA,DET
4/2/2025,NYM,6,5,MIA,NYM,MIA
4/2/2025,BOS,3,0,BAL,BOS,BAL
4/2/2025,CLE,2,5,SD,SD,CLE
4/2/2025,COL,1,5,PHI,PHI,COL
4/2/2025,PIT,4,2,TB,PIT,TB
4/2/2025,TEX,1,0,CIN,TEX,CIN
4/2/2025,MIN,6,1,CWS,MIN,CWS
4/2/2025,AZ,4,3,NYY,AZ,NYY
4/3/2025,CIN,0,1,MIL,MIL,CIN
4/3/2025,BOS,8,4,BAL,BOS,BAL
4/3/2025,COL,1,3,PHI,PHI,COL
4/3/2025,HOU,5,2,MIN,HOU,MIN
4/3/2025,AZ,7,9,NYY,NYY,AZ
4/4/2025,CLE,8,6,LAA,CLE,LAA
4/4/2025,MIA,0,10,ATL,ATL,MIA
4/4/2025,CIN,2,3,MIL,MIL,CIN
4/4/2025,SD,1,3,CHC,CHC,SD
4/4/2025,SEA,9,10,SF,SF,SEA
4/4/2025,TOR,0,5,NYM,NYM,TOR
4/4/2025,AZ,6,4,WSH,AZ,WSH
4/4/2025,LAD,2,3,PHI,PHI,LAD
4/4/2025,NYY,9,4,PIT,NYY,PIT
4/4/2025,TB,2,5,TEX,TEX,TB
4/4/2025,STL,9,13,BOS,BOS,STL
4/4/2025,ATH,6,3,COL,ATH,COL
4/4/2025,BAL,2,8,KC,KC,BAL
4/4/2025,CWS,4,7,DET,DET,CWS
4/5/2025,CLE,4,10,LAA,LAA,CLE
4/5/2025,MIA,4,0,ATL,MIA,ATL
4/5/2025,CIN,11,7,MIL,CIN,MIL
4/5/2025,SD,1,7,CHC,CHC,SD
4/5/2025,SEA,1,4,SF,SF,SEA
4/5/2025,TOR,2,3,NYM,NYM,TOR
4/5/2025,AZ,3,4,WSH,WSH,AZ
4/5/2025,LAD,3,1,PHI,LAD,PHI
4/5/2025,NYY,10,4,PIT,NYY,PIT
4/5/2025,TB,4,6,TEX,TEX,TB
4/5/2025,ATH,7,4,COL,ATH,COL
4/5/2025,BAL,8,1,KC,BAL,KC
4/5/2025,CWS,2,7,DET,DET,CWS
4/5/2025,HOU,1,6,MIN,MIN,HOU
4/6/2025,STL,4,5,BOS,BOS,STL
4/6/2025,CLE,2,6,LAA,LAA,CLE
4/6/2025,CIN,2,8,MIL,MIL,CIN
4/6/2025,SD,8,7,CHC,SD,CHC
4/6/2025,SEA,4,5,SF,SF,SEA
4/6/2025,TOR,1,2,NYM,NYM,TOR
4/6/2025,AZ,4,5,WSH,WSH,AZ
4/6/2025,LAD,7,8,PHI,PHI,LAD
4/6/2025,NYY,4,5,PIT,PIT,NYY
4/6/2025,TB,3,4,TEX,TEX,TB
4/6/2025,STL,7,18,BOS,BOS,STL
4/6/2025,ATH,5,12,COL,COL,ATH
4/6/2025,BAL,1,4,KC,KC,BAL
4/6/2025,CWS,3,4,DET,DET,CWS
4/6/2025,HOU,9,7,MIN,HOU,MIN
4/7/2025,SD,5,4,ATH,SD,ATH
4/7/2025,TEX,0,7,CHC,CHC,TEX
4/7/2025,BAL,5,1,AZ,BAL,AZ
4/7/2025,CIN,2,0,SF,CIN,SF
4/7/2025,HOU,3,4,SEA,SEA,HOU
4/7/2025,MIA,0,2,NYM,NYM,MIA
4/7/2025,LAD,4,6,WSH,WSH,LAD
4/7/2025,STL,4,8,PIT,PIT,STL
4/7/2025,TOR,6,2,BOS,TOR,BOS
4/7/2025,MIN,2,4,KC,KC,MIN
4/7/2025,NYY,2,6,DET,DET,NYY
4/8/2025,SD,4,10,ATH,ATH,SD
4/8/2025,PHI,5,7,ATL,ATL,PHI
4/8/2025,TEX,6,10,CHC,CHC,TEX
4/8/2025,BAL,3,4,AZ,AZ,BAL
4/8/2025,CIN,1,0,SF,CIN,SF
4/8/2025,CWS,0,1,CLE,CLE,CWS
4/8/2025,HOU,2,1,SEA,HOU,SEA
4/8/2025,MIA,5,10,NYM,NYM,MIA
4/8/2025,LAD,2,8,WSH,WSH,LAD
4/8/2025,STL,5,3,PIT,STL,PIT
4/8/2025,LAA,4,3,TB,LAA,TB
4/8/2025,TOR,6,1,BOS,TOR,BOS
4/8/2025,MIL,7,1,COL,MIL,COL
4/8/2025,MIN,1,2,KC,KC,MIN
4/8/2025,NYY,0,5,DET,DET,NYY
4/9/2025,SD,2,1,ATH,SD,ATH
4/9/2025,PHI,4,3,ATL,PHI,ATL
4/9/2025,TEX,6,2,CHC,TEX,CHC
4/9/2025,BAL,0,9,AZ,AZ,BAL
4/9/2025,CIN,6,8,SF,SF,CIN
4/9/2025,CWS,2,3,CLE,CLE,CWS
4/9/2025,HOU,6,7,SEA,SEA,HOU
4/9/2025,MIA,5,0,NYM,MIA,NYM
4/9/2025,LAD,6,5,WSH,LAD,WSH
4/9/2025,STL,1,2,PIT,PIT,STL
4/9/2025,LAA,4,5,TB,TB,LAA
4/9/2025,TOR,2,1,BOS,TOR,BOS
4/9/2025,MIL,17,2,COL,MIL,COL
4/9/2025,MIN,4,0,KC,MIN,KC
4/9/2025,NYY,4,3,DET,NYY,DET
4/10/2025,PHI,2,4,ATL,ATL,PHI
4/10/2025,CWS,1,6,CLE,CLE,CWS
4/10/2025,LAA,11,1,TB,LAA,TB
4/10/2025,TOR,3,4,BOS,BOS,TOR
4/10/2025,MIL,2,7,COL,COL,MIL
4/10/2025,MIN,2,3,KC,KC,MIN
4/11/2025,LAA,3,14,HOU,HOU,LAA
4/11/2025,NYM,7,6,ATH,NYM,ATH
4/11/2025,PHI,0,2,STL,STL,PHI
4/11/2025,MIL,7,0,AZ,MIL,AZ
4/11/2025,CHC,0,3,LAD,LAD,CHC
4/11/2025,KC,0,7,CLE,CLE,KC
4/11/2025,TEX,3,5,SEA,SEA,TEX
4/11/2025,WSH,7,4,MIA,WSH,MIA
4/11/2025,COL,0,8,SD,SD,COL
4/11/2025,ATL,3,6,TB,TB,ATL
4/11/2025,PIT,3,5,CIN,CIN,PIT
4/11/2025,DET,7,6,MIN,DET,MIN
4/11/2025,BOS,1,11,CWS,CWS,BOS
4/11/2025,SF,9,1,NYY,SF,NYY
4/12/2025,LAA,4,1,HOU,LAA,HOU
4/12/2025,NYM,1,3,ATH,ATH,NYM
4/12/2025,PHI,4,1,STL,PHI,STL
4/12/2025,MIL,4,5,AZ,AZ,MIL
4/12/2025,CHC,16,0,LAD,CHC,LAD
4/12/2025,KC,3,6,CLE,CLE,KC
4/12/2025,TEX,2,9,SEA,SEA,TEX
4/12/2025,WSH,6,7,MIA,MIA,WSH
4/12/2025,TOR,4,5,BAL,BAL,TOR
4/12/2025,COL,0,2,SD,SD,COL
4/12/2025,ATL,5,4,TB,ATL,TB
4/12/2025,PIT,2,5,CIN,CIN,PIT
4/12/2025,DET,4,0,MIN,DET,MIN
4/12/2025,BOS,2,3,CWS,CWS,BOS
4/12/2025,SF,4,8,NYY,NYY,SF
4/13/2025,LAA,3,7,HOU,HOU,LAA
4/13/2025,NYM,8,0,ATH,NYM,ATH
4/13/2025,PHI,0,7,STL,STL,PHI
4/13/2025,MIL,2,5,AZ,AZ,MIL
4/13/2025,CHC,4,2,LAD,CHC,LAD
4/13/2025,KC,4,2,CLE,KC,CLE
4/13/2025,TEX,1,3,SEA,SEA,TEX
4/13/2025,WSH,4,11,MIA,MIA,WSH
4/13/2025,TOR,7,6,BAL,TOR,BAL
4/13/2025,COL,0,6,SD,SD,COL
4/13/2025,ATL,3,8,TB,TB,ATL
4/13/2025,PIT,0,4,CIN,CIN,PIT
4/13/2025,DET,1,5,MIN,MIN,DET
4/13/2025,BOS,3,1,CWS,BOS,CWS
4/13/2025,SF,5,4,NYY,SF,NYY
4/14/2025,ATL,8,4,TOR,ATL,TOR
4/14/2025,DET,9,1,MIL,DET,MIL
4/14/2025,HOU,3,8,STL,STL,HOU
4/14/2025,COL,3,5,LAD,LAD,COL
4/14/2025,CHC,4,10,SD,SD,CHC
4/14/2025,SF,10,4,PHI,SF,PHI
4/14/2025,WSH,3,10,PIT,PIT,WSH
4/14/2025,BOS,1,16,TB,TB,BOS
4/14/2025,NYM,5,1,MIN,NYM,MIN
4/14/2025,KC,1,4,NYY,NYY,KC
4/15/2025,ATL,3,6,TOR,TOR,ATL
4/15/2025,DET,0,5,MIL,MIL,DET
4/15/2025,HOU,2,0,STL,HOU,STL
4/15/2025,COL,2,6,LAD,LAD,COL
4/15/2025,AZ,10,4,MIA,AZ,MIA
4/15/2025,CLE,6,3,BAL,CLE,BAL
4/15/2025,CHC,2,1,SD,CHC,SD
4/15/2025,SF,4,6,PHI,PHI,SF
4/15/2025,WSH,3,0,PIT,WSH,PIT
4/15/2025,LAA,0,4,TEX,TEX,LAA
4/15/2025,BOS,7,4,TB,BOS,TB
4/15/2025,SEA,4,8,CIN,CIN,SEA
4/15/2025,NYM,3,6,MIN,MIN,NYM
4/15/2025,ATH,12,3,CWS,ATH,CWS
4/15/2025,KC,2,4,NYY,NYY,KC
4/16/2025,ATL,1,3,TOR,TOR,ATL
4/16/2025,DET,1,5,MIL,MIL,DET
4/16/2025,HOU,1,4,STL,STL,HOU
4/16/2025,COL,7,8,LAD,LAD,COL
4/16/2025,AZ,6,2,MIA,AZ,MIA
4/16/2025,CLE,1,9,BAL,BAL,CLE
4/16/2025,CHC,2,4,SD,SD,CHC
4/16/2025,SF,11,4,PHI,SF,PHI
4/16/2025,WSH,1,6,PIT,PIT,WSH
4/16/2025,LAA,1,3,TEX,TEX,LAA
4/16/2025,BOS,1,0,TB,BOS,TB
4/16/2025,SEA,5,3,CIN,SEA,CIN
4/16/2025,NYM,3,4,MIN,MIN,NYM
4/16/2025,ATH,3,1,CWS,ATH,CWS
4/16/2025,KC,3,4,NYY,NYY,KC
4/17/2025,AZ,6,4,MIA,AZ,MIA
4/17/2025,STL,1,4,NYM,NYM,STL
4/17/2025,CLE,2,6,BAL,BAL,CLE
4/17/2025,SF,4,6,PHI,PHI,SF
4/17/2025,WSH,0,1,PIT,PIT,WSH
4/17/2025,LAA,3,5,TEX,TEX,LAA
4/17/2025,NYY,6,3,TB,NYY,TB
4/17/2025,SEA,11,7,CIN,SEA,CIN
4/17/2025,KC,1,6,DET,DET,KC
4/17/2025,ATH,8,0,CWS,ATH,CWS
4/18/2025,SF,0,2,LAA,LAA,SF
4/18/2025,SD,4,6,HOU,HOU,SD
4/18/2025,SEA,1,3,TOR,TOR,SEA
4/18/2025,MIN,4,6,ATL,ATL,MIN
4/18/2025,ATH,3,5,MIL,MIL,ATH
4/18/2025,AZ,11,13,CHC,CHC,AZ
4/18/2025,STL,4,5,NYM,NYM,STL
4/18/2025,CIN,8,3,BAL,CIN,BAL
4/18/2025,MIA,2,7,PHI,PHI,MIA
4/18/2025,CLE,10,7,PIT,CLE,PIT
4/18/2025,LAD,3,0,TEX,LAD,TEX
4/18/2025,NYY,1,0,TB,NYY,TB
4/18/2025,CWS,3,10,BOS,BOS,CWS
4/18/2025,KC,3,7,DET,DET,KC
4/19/2025,SF,3,2,LAA,SF,LAA
4/19/2025,SD,2,3,HOU,HOU,SD
4/19/2025,SEA,8,4,TOR,SEA,TOR
4/19/2025,MIN,3,4,ATL,ATL,MIN
4/19/2025,ATH,3,1,MIL,ATH,MIL
4/19/2025,AZ,2,6,CHC,CHC,AZ
4/19/2025,STL,0,3,NYM,NYM,STL
4/19/2025,CIN,5,9,BAL,BAL,CIN
4/19/2025,MIA,10,11,PHI,PHI,MIA
4/19/2025,CLE,3,0,PIT,CLE,PIT
4/19/2025,LAD,3,4,TEX,TEX,LAD
4/19/2025,NYY,8,10,TB,TB,NYY
4/19/2025,CWS,3,4,BOS,BOS,CWS
4/19/2025,WSH,12,11,COL,WSH,COL
4/19/2025,KC,1,3,DET,DET,KC
4/20/2025,WSH,3,2,COL,WSH,COL
4/20/2025,SF,4,5,LAA,LAA,SF
4/20/2025,SD,3,2,HOU,SD,HOU
4/20/2025,SEA,8,3,TOR,SEA,TOR
4/20/2025,MIN,2,6,ATL,ATL,MIN
4/20/2025,ATH,1,14,MIL,MIL,ATH
4/20/2025,AZ,3,2,CHC,AZ,CHC
4/20/2025,STL,4,7,NYM,NYM,STL
4/20/2025,CIN,24,2,BAL,CIN,BAL
4/20/2025,MIA,7,5,PHI,MIA,PHI
4/20/2025,CLE,5,4,PIT,CLE,PIT
4/20/2025,LAD,1,0,TEX,LAD,TEX
4/20/2025,NYY,4,0,TB,NYY,TB
4/20/2025,CWS,8,4,BOS,CWS,BOS
4/20/2025,WSH,1,3,COL,COL,WSH
4/20/2025,KC,4,3,DET,KC,DET
4/21/2025,TOR,0,7,HOU,HOU,TOR
4/21/2025,STL,6,7,ATL,ATL,STL
4/21/2025,MIL,2,5,SF,SF,MIL
4/21/2025,NYY,4,6,CLE,CLE,NYY
4/21/2025,CIN,3,6,MIA,MIA,CIN
4/21/2025,PHI,4,5,NYM,NYM,PHI
4/21/2025,CWS,2,4,BOS,BOS,CWS
4/21/2025,SD,4,6,DET,DET,SD
4/22/2025,PIT,9,3,LAA,PIT,LAA
4/22/2025,TOR,1,5,HOU,HOU,TOR
4/22/2025,TEX,8,5,ATH,TEX,ATH
4/22/2025,STL,10,4,ATL,STL,ATL
4/22/2025,LAD,10,11,CHC,CHC,LAD
4/22/2025,TB,1,5,AZ,AZ,TB
4/22/2025,MIL,11,3,SF,MIL,SF
4/22/2025,NYY,2,3,CLE,CLE,NYY
4/22/2025,CIN,3,4,MIA,MIA,CIN
4/22/2025,PHI,1,5,NYM,NYM,PHI
4/22/2025,BAL,0,7,WSH,WSH,BAL
4/22/2025,SEA,3,8,BOS,BOS,SEA
4/22/2025,COL,3,4,KC,KC,COL
4/22/2025,SD,2,0,DET,SD,DET
4/22/2025,CWS,2,4,MIN,MIN,CWS
4/23/2025,PIT,3,0,LAA,PIT,LAA
4/23/2025,TOR,1,3,HOU,HOU,TOR
4/23/2025,TEX,2,5,ATH,ATH,TEX
4/23/2025,STL,1,4,ATL,ATL,STL
4/23/2025,LAD,6,7,CHC,CHC,LAD
4/23/2025,TB,7,6,AZ,TB,AZ
4/23/2025,MIL,2,4,SF,SF,MIL
4/23/2025,NYY,5,1,CLE,NYY,CLE
4/23/2025,CIN,5,2,MIA,CIN,MIA
4/23/2025,PHI,3,4,NYM,NYM,PHI
4/23/2025,BAL,3,4,WSH,WSH,BAL
4/23/2025,SEA,8,5,BOS,SEA,BOS
4/23/2025,SD,0,6,DET,DET,SD
4/23/2025,CWS,3,6,MIN,MIN,CWS
4/24/2025,COL,4,7,KC,KC,COL
4/24/2025,PIT,3,4,LAA,LAA,PIT
4/24/2025,TEX,3,4,ATH,ATH,TEX
4/24/2025,TB,7,4,AZ,TB,AZ
4/24/2025,MIL,5,6,SF,SF,MIL
4/24/2025,BAL,2,1,WSH,BAL,WSH
4/24/2025,SEA,4,3,BOS,SEA,BOS
4/24/2025,COL,2,6,KC,KC,COL
4/24/2025,CWS,3,0,MIN,CWS,MIN
4/25/2025,CWS,5,6,ATH,ATH,CWS
4/25/2025,MIL,2,3,STL,STL,MIL
4/25/2025,PHI,0,4,CHC,CHC,PHI
4/25/2025,ATL,8,2,AZ,ATL,AZ
4/25/2025,PIT,3,0,LAD,PIT,LAD
4/25/2025,TEX,2,0,SF,TEX,SF
4/25/2025,MIA,8,4,SEA,MIA,SEA
4/25/2025,NYM,4,5,WSH,WSH,NYM
4/25/2025,TB,1,0,SD,TB,SD
4/25/2025,CIN,8,7,COL,CIN,COL
4/25/2025,HOU,0,2,KC,KC,HOU
4/25/2025,LAA,4,11,MIN,MIN,LAA
4/25/2025,TOR,4,2,NYY,TOR,NYY
4/26/2025,BOS,4,5,CLE,CLE,BOS
4/26/2025,BAL,3,4,DET,DET,BAL
4/26/2025,CWS,10,3,ATH,CWS,ATH
4/26/2025,MIL,5,6,STL,STL,MIL
4/26/2025,PHI,10,4,CHC,PHI,CHC
4/26/2025,ATL,8,7,AZ,ATL,AZ
4/26/2025,PIT,4,8,LAD,LAD,PIT
4/26/2025,TEX,2,3,SF,SF,TEX
4/26/2025,BOS,7,3,CLE,BOS,CLE
4/26/2025,MIA,0,14,SEA,SEA,MIA
4/26/2025,NYM,2,0,WSH,NYM,WSH
4/26/2025,TB,4,1,SD,TB,SD
4/26/2025,CIN,6,4,COL,CIN,COL
4/26/2025,HOU,0,2,KC,KC,HOU
4/26/2025,BAL,2,6,DET,DET,BAL
4/26/2025,LAA,1,5,MIN,MIN,LAA
4/27/2025,TOR,2,11,NYY,NYY,TOR
4/27/2025,CWS,2,3,ATH,ATH,CWS
4/27/2025,MIL,7,1,STL,MIL,STL
4/27/2025,PHI,3,1,CHC,PHI,CHC
4/27/2025,ATL,4,6,AZ,AZ,ATL
4/27/2025,PIT,2,9,LAD,LAD,PIT
4/27/2025,TEX,2,3,SF,SF,TEX
4/27/2025,BOS,13,3,CLE,BOS,CLE
4/27/2025,MIA,6,7,SEA,SEA,MIA
4/27/2025,NYM,7,8,WSH,WSH,NYM
4/27/2025,TB,4,2,SD,TB,SD
4/27/2025,CIN,8,1,COL,CIN,COL
4/27/2025,HOU,7,3,KC,HOU,KC
4/27/2025,BAL,0,7,DET,DET,BAL
4/27/2025,LAA,0,5,MIN,MIN,LAA
4/27/2025,TOR,1,5,NYY,NYY,TOR
4/28/2025,DET,5,8,HOU,HOU,DET
4/28/2025,MIA,6,7,LAD,LAD,MIA
4/28/2025,MIN,11,1,CLE,MIN,CLE
4/28/2025,NYM,19,5,WSH,NYM,WSH
4/28/2025,NYY,3,4,BAL,BAL,NYY
4/28/2025,ATH,2,1,TEX,ATH,TEX
4/28/2025,STL,1,3,CIN,CIN,STL
4/28/2025,ATL,6,3,COL,ATL,COL
4/29/2025,DET,4,6,HOU,HOU,DET
4/29/2025,BOS,10,2,TOR,BOS,TOR
4/29/2025,MIA,2,15,LAD,LAD,MIA
4/29/2025,MIN,1,2,CLE,CLE,MIN
4/29/2025,LAA,3,5,SEA,SEA,LAA
4/29/2025,AZ,3,8,NYM,NYM,AZ
4/29/2025,NYY,15,3,BAL,NYY,BAL
4/29/2025,SF,4,7,SD,SD,SF
4/29/2025,WSH,6,7,PHI,PHI,WSH
4/29/2025,CHC,9,0,PIT,CHC,PIT
4/29/2025,ATH,2,15,TEX,TEX,ATH
4/29/2025,KC,3,1,TB,KC,TB
4/29/2025,ATL,8,2,COL,ATL,COL
4/29/2025,MIL,7,2,CWS,MIL,CWS
4/30/2025,STL,6,0,CIN,STL,CIN
4/30/2025,DET,7,4,HOU,DET,HOU
4/30/2025,BOS,6,7,TOR,TOR,BOS
4/30/2025,MIA,7,12,LAD,LAD,MIA
4/30/2025,MIN,2,4,CLE,CLE,MIN
4/30/2025,LAA,3,9,SEA,SEA,LAA
4/30/2025,AZ,4,3,NYM,AZ,NYM
4/30/2025,NYY,4,5,BAL,BAL,NYY
4/30/2025,SF,3,5,SD,SD,SF
4/30/2025,WSH,2,7,PHI,PHI,WSH
4/30/2025,CHC,3,4,PIT,PIT,CHC
4/30/2025,ATH,7,1,TEX,ATH,TEX
4/30/2025,KC,3,0,TB,KC,TB
4/30/2025,STL,9,1,CIN,STL,CIN
4/30/2025,ATL,1,2,COL,COL,ATL
4/30/2025,MIL,6,4,CWS,MIL,CWS
5/1/2025,DET,10,4,LAA,DET,LAA
5/1/2025,BOS,2,4,TOR,TOR,BOS
5/1/2025,COL,4,3,SF,COL,SF
5/1/2025,MIN,3,4,CLE,CLE,MIN
5/1/2025,AZ,4,2,NYM,AZ,NYM
5/1/2025,WSH,4,2,PHI,WSH,PHI
5/1/2025,CHC,8,3,PIT,CHC,PIT
5/1/2025,ATH,3,0,TEX,ATH,TEX
5/1/2025,KC,8,2,TB,KC,TB
5/1/2025,STL,1,9,CIN,CIN,STL
5/1/2025,MIL,0,8,CWS,CWS,MIL
5/2/2025,DET,9,1,LAA,DET,LAA
5/2/2025,CLE,3,5,TOR,TOR,CLE
5/2/2025,LAD,2,1,ATL,LAD,ATL
5/2/2025,CHC,10,0,MIL,CHC,MIL
5/2/2025,NYM,9,3,STL,NYM,STL
5/2/2025,COL,0,4,SF,SF,COL
5/2/2025,ATH,6,1,MIA,ATH,MIA
5/2/2025,KC,0,3,BAL,BAL,KC
5/2/2025,AZ,2,3,PHI,PHI,AZ
5/2/2025,SD,9,4,PIT,SD,PIT
5/2/2025,SEA,13,1,TEX,SEA,TEX
5/2/2025,MIN,1,6,BOS,BOS,MIN
5/2/2025,WSH,1,6,CIN,CIN,WSH
5/2/2025,HOU,3,7,CWS,CWS,HOU
5/2/2025,TB,0,3,NYY,NYY,TB
5/3/2025,DET,2,5,LAA,LAA,DET
5/3/2025,CLE,5,3,TOR,CLE,TOR
5/3/2025,LAD,10,3,ATL,LAD,ATL
5/3/2025,CHC,6,2,MIL,CHC,MIL
5/3/2025,COL,3,6,SF,SF,COL
5/3/2025,ATH,6,9,MIA,MIA,ATH
5/3/2025,KC,4,0,BAL,KC,BAL
5/3/2025,AZ,2,7,PHI,PHI,AZ
5/3/2025,SD,2,1,PIT,SD,PIT
5/3/2025,SEA,2,1,TEX,SEA,TEX
5/3/2025,MIN,4,3,BOS,MIN,BOS
5/3/2025,WSH,11,6,CIN,WSH,CIN
5/3/2025,HOU,8,3,CWS,HOU,CWS
5/3/2025,TB,3,2,NYY,TB,NYY
5/4/2025,NYM,5,6,STL,STL,NYM
5/4/2025,DET,13,1,LAA,DET,LAA
5/4/2025,CLE,5,4,TOR,CLE,TOR
5/4/2025,LAD,3,4,ATL,ATL,LAD
5/4/2025,CHC,0,4,MIL,MIL,CHC
5/4/2025,NYM,4,5,STL,STL,NYM
5/4/2025,COL,3,9,SF,SF,COL
5/4/2025,ATH,3,2,MIA,ATH,MIA
5/4/2025,KC,11,6,BAL,KC,BAL
5/4/2025,AZ,11,9,PHI,AZ,PHI
5/4/2025,SD,4,0,PIT,SD,PIT
5/4/2025,SEA,1,8,TEX,TEX,SEA
5/4/2025,MIN,5,4,BOS,MIN,BOS
5/4/2025,WSH,4,1,CIN,WSH,CIN
5/4/2025,HOU,4,5,CWS,CWS,HOU
5/4/2025,TB,7,5,NYY,TB,NYY
5/5/2025,SEA,6,7,ATH,ATH,SEA
5/5/2025,CIN,0,4,ATL,ATL,CIN
5/5/2025,HOU,1,5,MIL,MIL,HOU
5/5/2025,PIT,3,6,STL,STL,PIT
5/5/2025,SF,2,9,CHC,CHC,SF
5/5/2025,NYM,5,4,AZ,NYM,AZ
5/5/2025,LAD,7,4,MIA,LAD,MIA
5/5/2025,CWS,0,3,KC,KC,CWS
5/5/2025,SD,4,3,NYY,SD,NYY
5/6/2025,CLE,9,10,WSH,WSH,CLE
5/6/2025,TOR,3,8,LAA,LAA,TOR
5/6/2025,SEA,5,3,ATH,SEA,ATH
5/6/2025,CIN,1,2,ATL,ATL,CIN
5/6/2025,HOU,3,4,MIL,MIL,HOU
5/6/2025,PIT,1,2,STL,STL,PIT
5/6/2025,SF,14,5,CHC,SF,CHC
5/6/2025,NYM,1,5,AZ,AZ,NYM
5/6/2025,LAD,4,5,MIA,MIA,LAD
5/6/2025,CLE,9,1,WSH,CLE,WSH
5/6/2025,PHI,8,4,TB,PHI,TB
5/6/2025,TEX,6,1,BOS,TEX,BOS
5/6/2025,CWS,3,4,KC,KC,CWS
5/6/2025,BAL,1,9,MIN,MIN,BAL
5/6/2025,SD,3,12,NYY,NYY,SD
5/7/2025,TOR,4,5,LAA,LAA,TOR
5/7/2025,SEA,6,5,ATH,SEA,ATH
5/7/2025,CIN,4,3,ATL,CIN,ATL
5/7/2025,HOU,9,1,MIL,HOU,MIL
5/7/2025,PIT,0,5,STL,STL,PIT
5/7/2025,SF,3,1,CHC,SF,CHC
5/7/2025,NYM,7,1,AZ,NYM,AZ
5/7/2025,LAD,10,1,MIA,LAD,MIA
5/7/2025,CLE,8,6,WSH,CLE,WSH
5/7/2025,PHI,7,0,TB,PHI,TB
5/7/2025,TEX,4,6,BOS,BOS,TEX
5/7/2025,DET,8,6,COL,DET,COL
5/7/2025,CWS,1,2,KC,KC,CWS
5/7/2025,BAL,2,5,MIN,MIN,BAL
5/7/2025,SD,3,4,NYY,NYY,SD
5/8/2025,DET,10,2,COL,DET,COL
5/8/2025,TOR,8,5,LAA,TOR,LAA
5/8/2025,CIN,4,5,ATL,ATL,CIN
5/8/2025,LAD,3,5,AZ,AZ,LAD
5/8/2025,PHI,7,6,TB,PHI,TB
5/8/2025,TEX,0,5,BOS,BOS,TEX
5/8/2025,DET,11,1,COL,DET,COL
5/8/2025,CWS,0,10,KC,KC,CWS
5/8/2025,BAL,2,5,MIN,MIN,BAL
5/9/2025,BAL,4,1,LAA,BAL,LAA
5/9/2025,CIN,0,3,HOU,HOU,CIN
5/9/2025,NYY,10,2,ATH,NYY,ATH
5/9/2025,LAD,14,11,AZ,LAD,AZ
5/9/2025,PHI,0,6,CLE,CLE,PHI
5/9/2025,TOR,6,3,SEA,TOR,SEA
5/9/2025,CHC,2,7,NYM,NYM,CHC
5/9/2025,STL,10,0,WSH,STL,WSH
5/9/2025,ATL,2,3,PIT,PIT,ATL
5/9/2025,MIL,3,4,TB,TB,MIL
5/9/2025,SD,13,9,COL,SD,COL
5/9/2025,BOS,1,2,KC,KC,BOS
5/9/2025,TEX,1,2,DET,DET,TEX
5/9/2025,SF,1,3,MIN,MIN,SF
5/9/2025,MIA,2,6,CWS,CWS,MIA
5/10/2025,BAL,2,5,LAA,LAA,BAL
5/10/2025,CIN,13,9,HOU,CIN,HOU
5/10/2025,NYY,7,11,ATH,ATH,NYY
5/10/2025,LAD,0,3,AZ,AZ,LAD
5/10/2025,PHI,7,1,CLE,PHI,CLE
5/10/2025,TOR,6,3,SEA,TOR,SEA
5/10/2025,CHC,6,5,NYM,CHC,NYM
5/10/2025,STL,4,2,WSH,STL,WSH
5/10/2025,ATL,3,2,PIT,ATL,PIT
5/10/2025,MIL,2,3,TB,TB,MIL
5/10/2025,SD,21,0,COL,SD,COL
5/10/2025,BOS,10,1,KC,BOS,KC
5/10/2025,TEX,10,3,DET,TEX,DET
5/10/2025,SF,1,2,MIN,MIN,SF
5/10/2025,MIA,3,1,CWS,MIA,CWS
5/11/2025,BAL,7,3,LAA,BAL,LAA
5/11/2025,CIN,0,6,HOU,HOU,CIN
5/11/2025,NYY,12,2,ATH,NYY,ATH
5/11/2025,LAD,8,1,AZ,LAD,AZ
5/11/2025,PHI,3,0,CLE,PHI,CLE
5/11/2025,TOR,9,1,SEA,TOR,SEA
5/11/2025,CHC,2,6,NYM,NYM,CHC
5/11/2025,STL,6,1,WSH,STL,WSH
5/11/2025,ATL,3,4,PIT,PIT,ATL
5/11/2025,MIL,4,2,TB,MIL,TB
5/11/2025,SD,3,9,COL,COL,SD
5/11/2025,BOS,3,1,KC,BOS,KC
5/11/2025,TEX,6,1,DET,TEX,DET
5/11/2025,SF,6,7,MIN,MIN,SF
5/11/2025,MIA,2,4,CWS,CWS,MIA
5/12/2025,KC,7,5,HOU,KC,HOU
5/12/2025,WSH,3,4,ATL,ATL,WSH
5/12/2025,MIA,2,5,CHC,CHC,MIA
5/12/2025,AZ,2,1,SF,AZ,SF
5/12/2025,MIL,0,5,CLE,CLE,MIL
5/12/2025,NYY,11,5,SEA,NYY,SEA
5/12/2025,PIT,3,4,NYM,NYM,PIT
5/12/2025,LAA,9,5,SD,LAA,SD
5/12/2025,STL,3,2,PHI,STL,PHI
5/12/2025,COL,1,2,TEX,TEX,COL
5/12/2025,BOS,2,14,DET,DET,BOS
5/13/2025,KC,1,2,HOU,HOU,KC
5/13/2025,TB,11,9,TOR,TB,TOR
5/13/2025,WSH,2,5,ATL,ATL,WSH
5/13/2025,MIA,4,5,CHC,CHC,MIA
5/13/2025,ATH,11,1,LAD,ATH,LAD
5/13/2025,AZ,6,10,SF,SF,AZ
5/13/2025,MIL,0,2,CLE,CLE,MIL
5/13/2025,NYY,1,2,SEA,SEA,NYY
5/13/2025,PIT,1,2,NYM,NYM,PIT
5/13/2025,LAA,4,6,SD,SD,LAA
5/13/2025,COL,1,4,TEX,TEX,COL
5/13/2025,CWS,5,1,CIN,CWS,CIN
5/13/2025,BOS,9,10,DET,DET,BOS
5/14/2025,MIN,6,3,BAL,MIN,BAL
5/14/2025,STL,1,2,PHI,PHI,STL
5/14/2025,KC,3,4,HOU,HOU,KC
5/14/2025,TB,1,3,TOR,TOR,TB
5/14/2025,WSH,5,4,ATL,WSH,ATL
5/14/2025,MIA,3,1,CHC,MIA,CHC
5/14/2025,ATH,3,9,LAD,LAD,ATH
5/14/2025,AZ,8,7,SF,AZ,SF
5/14/2025,MIL,9,5,CLE,MIL,CLE
5/14/2025,NYY,3,2,SEA,NYY,SEA
5/14/2025,PIT,4,0,NYM,PIT,NYM
5/14/2025,MIN,8,6,BAL,MIN,BAL
5/14/2025,LAA,1,5,SD,SD,LAA
5/14/2025,STL,14,7,PHI,STL,PHI
5/14/2025,COL,3,8,TEX,TEX,COL
5/14/2025,CWS,4,2,CIN,CWS,CIN
5/14/2025,BOS,5,6,DET,DET,BOS
5/15/2025,TB,8,3,TOR,TB,TOR
5/15/2025,WSH,2,5,ATL,ATL,WSH
5/15/2025,ATH,2,19,LAD,LAD,ATH
5/15/2025,MIN,4,0,BAL,MIN,BAL
5/15/2025,HOU,0,1,TEX,TEX,HOU
5/15/2025,CWS,1,7,CIN,CIN,CWS
5/16/2025,DET,5,4,TOR,DET,TOR
5/16/2025,MIN,3,0,MIL,MIN,MIL
5/16/2025,CWS,3,13,CHC,CHC,CWS
5/16/2025,COL,0,8,AZ,AZ,COL
5/16/2025,LAA,6,2,LAD,LAA,LAD
5/16/2025,ATH,1,9,SF,SF,ATH
5/16/2025,TB,4,9,MIA,MIA,TB
5/16/2025,WSH,4,3,BAL,WSH,BAL
5/16/2025,SEA,5,1,SD,SEA,SD
5/16/2025,PIT,4,8,PHI,PHI,PIT
5/16/2025,HOU,6,3,TEX,HOU,TEX
5/16/2025,ATL,4,2,BOS,ATL,BOS
5/16/2025,CLE,4,5,CIN,CIN,CLE
5/16/2025,STL,10,3,KC,STL,KC
5/16/2025,NYM,2,6,NYY,NYY,NYM
5/17/2025,DET,1,2,TOR,TOR,DET
5/17/2025,MIN,7,0,MIL,MIN,MIL
5/17/2025,CWS,3,7,CHC,CHC,CWS
5/17/2025,COL,14,12,AZ,COL,AZ
5/17/2025,LAA,11,9,LAD,LAA,LAD
5/17/2025,ATH,0,1,SF,SF,ATH
5/17/2025,TB,4,0,MIA,TB,MIA
5/17/2025,WSH,10,6,BAL,WSH,BAL
5/17/2025,SEA,4,1,SD,SEA,SD
5/17/2025,PIT,2,5,PHI,PHI,PIT
5/17/2025,HOU,1,5,TEX,TEX,HOU
5/17/2025,ATL,6,7,BOS,BOS,ATL
5/17/2025,CLE,1,4,CIN,CIN,CLE
5/17/2025,STL,1,0,KC,STL,KC
5/17/2025,NYM,3,2,NYY,NYM,NYY
5/18/2025,DET,3,2,TOR,DET,TOR
5/18/2025,MIN,2,5,MIL,MIL,MIN
5/18/2025,CWS,2,6,CHC,CHC,CWS
5/18/2025,COL,0,1,AZ,AZ,COL
5/18/2025,LAA,6,4,LAD,LAA,LAD
5/18/2025,ATH,2,3,SF,SF,ATH
5/18/2025,TB,1,5,MIA,MIA,TB
5/18/2025,WSH,10,4,BAL,WSH,BAL
5/18/2025,SEA,6,1,SD,SEA,SD
5/18/2025,PIT,0,1,PHI,PHI,PIT
5/18/2025,HOU,4,3,TEX,HOU,TEX
5/18/2025,ATL,10,4,BOS,ATL,BOS
5/18/2025,CLE,1,3,CIN,CIN,CLE
5/18/2025,STL,1,2,KC,KC,STL
5/18/2025,NYM,2,8,NYY,NYY,NYM
5/19/2025,LAA,4,3,ATH,LAA,ATH
5/19/2025,BAL,4,5,MIL,MIL,BAL
5/19/2025,DET,4,11,STL,STL,DET
5/19/2025,AZ,9,5,LAD,AZ,LAD
5/19/2025,KC,3,1,SF,KC,SF
5/19/2025,CHC,7,8,MIA,MIA,CHC
5/19/2025,CIN,7,1,PIT,CIN,PIT
5/19/2025,HOU,4,3,TB,HOU,TB
5/19/2025,NYM,1,3,BOS,BOS,NYM
5/19/2025,PHI,9,3,COL,PHI,COL
5/19/2025,CLE,5,6,MIN,MIN,CLE
5/19/2025,SEA,5,1,CWS,SEA,CWS
5/20/2025,LAA,7,5,ATH,LAA,ATH
5/20/2025,SD,0,3,TOR,TOR,SD
5/20/2025,BAL,2,5,MIL,MIL,BAL
5/20/2025,DET,5,4,STL,DET,STL
5/20/2025,AZ,3,4,LAD,LAD,AZ
5/20/2025,KC,2,3,SF,SF,KC
5/20/2025,CHC,14,1,MIA,CHC,MIA
5/20/2025,ATL,3,5,WSH,WSH,ATL
5/20/2025,CIN,0,1,PIT,PIT,CIN
5/20/2025,HOU,2,3,TB,TB,HOU
5/20/2025,NYM,0,2,BOS,BOS,NYM
5/20/2025,PHI,7,4,COL,PHI,COL
5/20/2025,SEA,0,1,CWS,CWS,SEA
5/20/2025,TEX,2,5,NYY,NYY,TEX
5/21/2025,LAA,10,5,ATH,LAA,ATH
5/21/2025,SD,0,14,TOR,TOR,SD
5/21/2025,BAL,8,4,MIL,BAL,MIL
5/21/2025,DET,5,1,STL,DET,STL
5/21/2025,AZ,1,3,LAD,LAD,AZ
5/21/2025,KC,8,4,SF,KC,SF
5/21/2025,CHC,2,1,MIA,CHC,MIA
5/21/2025,CIN,1,3,PIT,PIT,CIN
5/21/2025,HOU,4,8,TB,TB,HOU
5/21/2025,NYM,5,1,BOS,NYM,BOS
5/21/2025,PHI,9,5,COL,PHI,COL
5/21/2025,CLE,5,1,MIN,CLE,MIN
5/21/2025,SEA,6,5,CWS,SEA,CWS
5/21/2025,TEX,3,4,NYY,NYY,TEX
5/22/2025,SEA,2,9,HOU,HOU,SEA
5/22/2025,LAA,10,5,ATH,LAA,ATH
5/22/2025,SD,6,7,TOR,TOR,SD
5/22/2025,ATL,7,8,WSH,WSH,ATL
5/22/2025,MIL,8,5,PIT,MIL,PIT
5/22/2025,PHI,2,0,COL,PHI,COL
5/22/2025,CLE,7,0,DET,CLE,DET
5/22/2025,TEX,0,1,NYY,NYY,TEX
5/23/2025,BAL,5,19,BOS,BOS,BAL
5/23/2025,MIA,4,7,LAA,LAA,MIA
5/23/2025,SEA,5,3,HOU,SEA,HOU
5/23/2025,PHI,4,3,ATH,PHI,ATH
5/23/2025,SD,2,1,ATL,SD,ATL
5/23/2025,AZ,3,4,STL,STL,AZ
5/23/2025,LAD,7,5,NYM,LAD,NYM
5/23/2025,SF,4,0,WSH,SF,WSH
5/23/2025,MIL,5,6,PIT,PIT,MIL
5/23/2025,TOR,1,3,TB,TB,TOR
5/23/2025,CHC,13,6,CIN,CHC,CIN
5/23/2025,NYY,2,3,COL,COL,NYY
5/23/2025,CLE,3,1,DET,CLE,DET
5/23/2025,KC,1,3,MIN,MIN,KC
5/23/2025,TEX,1,4,CWS,CWS,TEX
5/24/2025,BAL,5,6,BOS,BOS,BAL
5/24/2025,MIA,6,2,LAA,MIA,LAA
5/24/2025,SEA,1,2,HOU,HOU,SEA
5/24/2025,PHI,9,6,ATH,PHI,ATH
5/24/2025,SD,1,7,ATL,ATL,SD
5/24/2025,AZ,5,6,STL,STL,AZ
5/24/2025,LAD,2,5,NYM,NYM,LAD
5/24/2025,SF,0,3,WSH,WSH,SF
5/24/2025,MIL,1,2,PIT,PIT,MIL
5/24/2025,TOR,1,3,TB,TB,TOR
5/24/2025,BAL,2,1,BOS,BAL,BOS
5/24/2025,CHC,4,6,CIN,CIN,CHC
5/24/2025,NYY,13,1,COL,NYY,COL
5/24/2025,CLE,7,5,DET,CLE,DET
5/24/2025,KC,4,5,MIN,MIN,KC
5/24/2025,TEX,5,10,CWS,CWS,TEX
5/25/2025,MIA,3,0,LAA,MIA,LAA
5/25/2025,SEA,3,5,HOU,HOU,SEA
5/25/2025,PHI,4,5,ATH,ATH,PHI
5/25/2025,SD,5,3,ATL,SD,ATL
5/25/2025,AZ,3,4,STL,STL,AZ
5/25/2025,LAD,1,3,NYM,NYM,LAD
5/25/2025,SF,3,2,WSH,SF,WSH
5/25/2025,MIL,6,5,PIT,MIL,PIT
5/25/2025,TOR,0,13,TB,TB,TOR
5/25/2025,BAL,5,1,BOS,BAL,BOS
5/25/2025,CHC,11,8,CIN,CHC,CIN
5/25/2025,NYY,5,4,COL,NYY,COL
5/25/2025,CLE,0,5,DET,DET,CLE
5/25/2025,KC,2,1,MIN,KC,MIN
5/25/2025,TEX,5,4,CWS,TEX,CWS
5/26/2025,NYY,5,1,LAA,NYY,LAA
5/26/2025,BOS,2,3,MIL,MIL,BOS
5/26/2025,COL,1,3,CHC,CHC,COL
5/26/2025,PIT,0,5,AZ,AZ,PIT
5/26/2025,LAD,7,2,CLE,LAD,CLE
5/26/2025,CWS,1,2,NYM,NYM,CWS
5/26/2025,STL,2,5,BAL,BAL,STL
5/26/2025,MIA,3,4,SD,SD,MIA
5/26/2025,TOR,2,1,TEX,TOR,TEX
5/26/2025,MIN,2,7,TB,TB,MIN
5/26/2025,CIN,7,4,KC,CIN,KC
5/26/2025,SF,1,3,DET,DET,SF
5/27/2025,NYY,3,2,LAA,NYY,LAA
5/27/2025,ATH,1,11,HOU,HOU,ATH
5/27/2025,BOS,1,5,MIL,MIL,BOS
5/27/2025,COL,3,4,CHC,CHC,COL
5/27/2025,PIT,9,6,AZ,PIT,AZ
5/27/2025,LAD,9,5,CLE,LAD,CLE
5/27/2025,WSH,1,9,SEA,SEA,WSH
5/27/2025,CWS,4,6,NYM,NYM,CWS
5/27/2025,STL,7,4,BAL,STL,BAL
5/27/2025,MIA,6,8,SD,SD,MIA
5/27/2025,ATL,0,2,PHI,PHI,ATL
5/27/2025,TOR,0,2,TEX,TEX,TOR
5/27/2025,MIN,4,2,TB,MIN,TB
5/27/2025,CIN,7,2,KC,CIN,KC
5/27/2025,SF,1,3,DET,DET,SF
5/28/2025,NYY,1,0,LAA,NYY,LAA
5/28/2025,ATH,3,5,HOU,HOU,ATH
5/28/2025,BOS,5,6,MIL,MIL,BOS
5/28/2025,COL,1,2,CHC,CHC,COL
5/28/2025,PIT,10,1,AZ,PIT,AZ
5/28/2025,LAD,4,7,CLE,CLE,LAD
5/28/2025,WSH,9,0,SEA,WSH,SEA
5/28/2025,CWS,9,4,NYM,CWS,NYM
5/28/2025,STL,6,4,BAL,STL,BAL
5/28/2025,MIA,10,8,SD,MIA,SD
5/28/2025,TOR,2,0,TEX,TOR,TEX
5/28/2025,MIN,0,5,TB,TB,MIN
5/28/2025,CIN,2,3,KC,KC,CIN
5/28/2025,SF,3,4,DET,DET,SF
5/29/2025,ATL,4,5,PHI,PHI,ATL
5/29/2025,TB,13,3,HOU,TB,HOU
5/29/2025,ATH,0,12,TOR,TOR,ATH
5/29/2025,WSH,9,3,SEA,WSH,SEA
5/29/2025,ATL,9,3,PHI,ATL,PHI
5/30/2025,TB,1,2,HOU,HOU,TB
5/30/2025,ATH,7,11,TOR,TOR,ATH
5/30/2025,BOS,5,1,ATL,BOS,ATL
5/30/2025,CIN,6,2,CHC,CIN,CHC
5/30/2025,WSH,9,7,AZ,WSH,AZ
5/30/2025,NYY,5,8,LAD,LAD,NYY
5/30/2025,LAA,4,1,CLE,LAA,CLE
5/30/2025,MIN,12,6,SEA,MIN,SEA
5/30/2025,SF,2,0,MIA,SF,MIA
5/30/2025,COL,2,4,NYM,NYM,COL
5/30/2025,CWS,1,2,BAL,BAL,CWS
5/30/2025,PIT,2,3,SD,SD,PIT
5/30/2025,MIL,6,2,PHI,MIL,PHI
5/30/2025,STL,1,11,TEX,TEX,STL
5/30/2025,DET,7,5,KC,DET,KC
5/31/2025,TB,16,3,HOU,TB,HOU
5/31/2025,ATH,7,8,TOR,TOR,ATH
5/31/2025,BOS,0,5,ATL,ATL,BOS
5/31/2025,CIN,0,2,CHC,CHC,CIN
5/31/2025,WSH,11,7,AZ,WSH,AZ
5/31/2025,NYY,2,18,LAD,LAD,NYY
5/31/2025,LAA,5,7,CLE,CLE,LAA
5/31/2025,MIN,4,5,SEA,SEA,MIN
5/31/2025,SF,0,1,MIA,MIA,SF
5/31/2025,COL,2,8,NYM,NYM,COL
5/31/2025,CWS,2,4,BAL,BAL,CWS
5/31/2025,PIT,5,0,SD,PIT,SD
5/31/2025,MIL,17,7,PHI,MIL,PHI
5/31/2025,STL,2,0,TEX,STL,TEX
5/31/2025,DET,0,1,KC,KC,DET
6/1/2025,TB,0,1,HOU,HOU,TB
6/1/2025,ATH,4,8,TOR,TOR,ATH
6/1/2025,BOS,3,1,ATL,BOS,ATL
6/1/2025,CIN,3,7,CHC,CHC,CIN
6/1/2025,WSH,1,3,AZ,AZ,WSH
6/1/2025,NYY,7,3,LAD,NYY,LAD
6/1/2025,LAA,2,4,CLE,CLE,LAA
6/1/2025,MIN,1,2,SEA,SEA,MIN
6/1/2025,SF,4,2,MIA,SF,MIA
6/1/2025,COL,3,5,NYM,NYM,COL
6/1/2025,CWS,2,3,BAL,BAL,CWS
6/1/2025,PIT,4,6,SD,SD,PIT
6/1/2025,MIL,5,2,PHI,MIL,PHI
6/1/2025,STL,1,8,TEX,TEX,STL
6/1/2025,DET,1,0,KC,DET,KC
6/2/2025,MIN,10,4,ATH,MIN,ATH
6/2/2025,NYM,4,3,LAD,NYM,LAD
6/2/2025,SD,1,0,SF,SD,SF
6/2/2025,COL,6,4,MIA,COL,MIA
6/2/2025,LAA,7,6,BOS,LAA,BOS
6/2/2025,MIL,3,2,CIN,MIL,CIN
6/2/2025,DET,13,1,CWS,DET,CWS
6/3/2025,MIN,10,3,ATH,MIN,ATH
6/3/2025,PHI,8,3,TOR,PHI,TOR
6/3/2025,AZ,8,3,ATL,AZ,ATL
6/3/2025,KC,10,7,STL,KC,STL
6/3/2025,NYM,5,6,LAD,LAD,NYM
6/3/2025,SD,3,2,SF,SD,SF
6/3/2025,BAL,5,1,SEA,BAL,SEA
6/3/2025,COL,3,2,MIA,COL,MIA
6/3/2025,CHC,8,3,WSH,CHC,WSH
6/3/2025,HOU,3,0,PIT,HOU,PIT
6/3/2025,TEX,1,5,TB,TB,TEX
6/3/2025,LAA,4,3,BOS,LAA,BOS
6/3/2025,MIL,2,4,CIN,CIN,MIL
6/3/2025,DET,1,8,CWS,CWS,DET
6/3/2025,CLE,2,3,NYY,NYY,CLE
6/4/2025,MIN,6,1,ATH,MIN,ATH
6/4/2025,PHI,1,2,TOR,TOR,PHI
6/4/2025,AZ,2,1,ATL,AZ,ATL
6/4/2025,NYM,6,1,LAD,NYM,LAD
6/4/2025,SD,5,6,SF,SF,SD
6/4/2025,BAL,3,2,SEA,BAL,SEA
6/4/2025,COL,3,2,MIA,COL,MIA
6/4/2025,CHC,0,2,WSH,WSH,CHC
6/4/2025,HOU,0,3,PIT,PIT,HOU
6/4/2025,TEX,4,5,TB,TB,TEX
6/4/2025,LAA,9,11,BOS,BOS,LAA
6/4/2025,MIL,9,1,CIN,MIL,CIN
6/4/2025,DET,5,4,CWS,DET,CWS
6/4/2025,CLE,4,0,NYY,CLE,NYY
6/5/2025,KC,5,6,STL,STL,KC
6/5/2025,MIN,3,14,ATH,ATH,MIN
6/5/2025,PHI,1,9,TOR,TOR,PHI
6/5/2025,AZ,11,10,ATL,AZ,ATL
6/5/2025,KC,7,5,STL,KC,STL
6/5/2025,NYM,5,6,LAD,LAD,NYM
6/5/2025,SD,2,3,SF,SF,SD
6/5/2025,BAL,4,3,SEA,BAL,SEA
6/5/2025,CHC,7,1,WSH,CHC,WSH
6/5/2025,HOU,8,2,PIT,HOU,PIT
6/5/2025,TEX,3,4,TB,TB,TEX
6/5/2025,DET,2,3,CWS,CWS,DET
6/5/2025,CLE,0,4,NYY,NYY,CLE
6/6/2025,SEA,4,5,LAA,LAA,SEA
6/6/2025,BAL,4,5,ATH,ATH,BAL
6/6/2025,SD,2,0,MIL,SD,MIL
6/6/2025,LAD,0,5,STL,STL,LAD
6/6/2025,ATL,4,5,SF,SF,ATL
6/6/2025,HOU,4,2,CLE,HOU,CLE
6/6/2025,TEX,0,2,WSH,WSH,TEX
6/6/2025,PHI,4,5,PIT,PIT,PHI
6/6/2025,MIA,3,4,TB,TB,MIA
6/6/2025,AZ,3,4,CIN,CIN,AZ
6/6/2025,NYM,4,2,COL,NYM,COL
6/6/2025,CHC,1,3,DET,DET,CHC
6/6/2025,TOR,6,4,MIN,TOR,MIN
6/6/2025,BOS,6,9,NYY,NYY,BOS
6/6/2025,KC,2,7,CWS,CWS,KC
6/7/2025,SEA,6,8,LAA,LAA,SEA
6/7/2025,BAL,7,4,ATH,BAL,ATH
6/7/2025,SD,3,4,MIL,MIL,SD
6/7/2025,LAD,1,2,STL,STL,LAD
6/7/2025,ATL,2,3,SF,SF,ATL
6/7/2025,HOU,5,3,CLE,HOU,CLE
6/7/2025,TEX,5,0,WSH,TEX,WSH
6/7/2025,PHI,1,2,PIT,PIT,PHI
6/7/2025,MIA,11,10,TB,MIA,TB
6/7/2025,AZ,1,13,CIN,CIN,AZ
6/7/2025,NYM,8,1,COL,NYM,COL
6/7/2025,CHC,6,1,DET,CHC,DET
6/7/2025,TOR,5,4,MIN,TOR,MIN
6/7/2025,KC,1,4,CWS,CWS,KC
6/7/2025,BOS,10,7,NYY,BOS,NYY
6/8/2025,SEA,3,2,LAA,SEA,LAA
6/8/2025,BAL,1,5,ATH,ATH,BAL
6/8/2025,SD,1,0,MIL,SD,MIL
6/8/2025,LAD,7,3,STL,LAD,STL
6/8/2025,ATL,3,4,SF,SF,ATL
6/8/2025,HOU,2,4,CLE,CLE,HOU
6/8/2025,TEX,4,2,WSH,TEX,WSH
6/8/2025,PHI,1,2,PIT,PIT,PHI
6/8/2025,MIA,2,3,TB,TB,MIA
6/8/2025,AZ,2,4,CIN,CIN,AZ
6/8/2025,NYM,13,5,COL,NYM,COL
6/8/2025,CHC,0,4,DET,DET,CHC
6/8/2025,TOR,3,6,MIN,MIN,TOR
6/8/2025,KC,7,5,CWS,KC,CWS
6/8/2025,BOS,11,7,NYY,BOS,NYY
6/9/2025,ATH,4,7,LAA,LAA,ATH
6/9/2025,ATL,7,1,MIL,ATL,MIL
6/9/2025,TOR,5,4,STL,TOR,STL
6/9/2025,SEA,4,8,AZ,AZ,SEA
6/9/2025,CIN,7,4,CLE,CIN,CLE
6/9/2025,LAD,8,7,SD,LAD,SD
6/9/2025,CHC,3,4,PHI,PHI,CHC
6/9/2025,MIA,3,10,PIT,PIT,MIA
6/9/2025,TB,10,8,BOS,TB,BOS
6/10/2025,ATH,1,2,LAA,LAA,ATH
6/10/2025,CWS,4,2,HOU,CWS,HOU
6/10/2025,ATL,1,4,MIL,MIL,ATL
6/10/2025,TOR,10,9,STL,TOR,STL
6/10/2025,SEA,3,10,AZ,AZ,SEA
6/10/2025,CIN,1,0,CLE,CIN,CLE
6/10/2025,WSH,4,5,NYM,NYM,WSH
6/10/2025,DET,5,3,BAL,DET,BAL
6/10/2025,LAD,1,11,SD,SD,LAD
6/10/2025,CHC,8,4,PHI,CHC,PHI
6/10/2025,MIA,3,2,PIT,MIA,PIT
6/10/2025,TB,1,3,BOS,BOS,TB
6/10/2025,SF,6,5,COL,SF,COL
6/10/2025,NYY,10,2,KC,NYY,KC
6/10/2025,TEX,16,4,MIN,TEX,MIN
6/11/2025,ATH,5,6,LAA,LAA,ATH
6/11/2025,CWS,2,10,HOU,HOU,CWS
6/11/2025,ATL,6,2,MIL,ATL,MIL
6/11/2025,TOR,5,2,STL,TOR,STL
6/11/2025,SEA,2,5,AZ,AZ,SEA
6/11/2025,CIN,2,11,CLE,CLE,CIN
6/11/2025,WSH,0,5,NYM,NYM,WSH
6/11/2025,DET,1,10,BAL,BAL,DET
6/11/2025,LAD,5,2,SD,LAD,SD
6/11/2025,CHC,2,7,PHI,PHI,CHC
6/11/2025,MIA,2,5,PIT,PIT,MIA
6/11/2025,TB,3,4,BOS,BOS,TB
6/11/2025,SF,10,7,COL,SF,COL
6/11/2025,NYY,6,3,KC,NYY,KC
6/11/2025,TEX,2,6,MIN,MIN,TEX
6/12/2025,CWS,3,4,HOU,HOU,CWS
6/12/2025,STL,0,6,MIL,MIL,STL
6/12/2025,PIT,2,3,CHC,CHC,PIT
6/12/2025,WSH,3,4,NYM,NYM,WSH
6/12/2025,DET,4,1,BAL,DET,BAL
6/12/2025,SF,7,8,COL,COL,SF
6/12/2025,NYY,1,0,KC,NYY,KC
6/12/2025,TEX,16,3,MIN,TEX,MIN
6/13/2025,MIN,3,10,HOU,HOU,MIN
6/13/2025,COL,4,12,ATL,ATL,COL
6/13/2025,STL,2,3,MIL,MIL,STL
6/13/2025,PIT,2,1,CHC,PIT,CHC
6/13/2025,SD,1,5,AZ,AZ,SD
6/13/2025,SF,6,2,LAD,SF,LAD
6/13/2025,CLE,2,7,SEA,SEA,CLE
6/13/2025,TB,7,5,NYM,TB,NYM
6/13/2025,MIA,11,9,WSH,MIA,WSH
6/13/2025,LAA,0,2,BAL,BAL,LAA
6/13/2025,TOR,0,8,PHI,PHI,TOR
6/13/2025,CWS,1,3,TEX,TEX,CWS
6/13/2025,NYY,1,2,BOS,BOS,NYY
6/13/2025,ATH,6,4,KC,ATH,KC
6/13/2025,CIN,5,11,DET,DET,CIN
6/14/2025,MIN,2,3,HOU,HOU,MIN
6/14/2025,COL,1,4,ATL,ATL,COL
6/14/2025,STL,8,5,MIL,STL,MIL
6/14/2025,PIT,1,2,CHC,CHC,PIT
6/14/2025,SD,7,8,AZ,AZ,SD
6/14/2025,SF,5,11,LAD,LAD,SF
6/14/2025,CLE,3,4,SEA,SEA,CLE
6/14/2025,TB,8,4,NYM,TB,NYM
6/14/2025,MIA,4,3,WSH,MIA,WSH
6/14/2025,LAA,5,6,BAL,BAL,LAA
6/14/2025,TOR,2,3,PHI,PHI,TOR
6/14/2025,CWS,4,5,TEX,TEX,CWS
6/14/2025,NYY,3,4,BOS,BOS,NYY
6/14/2025,ATH,4,0,KC,ATH,KC
6/14/2025,CIN,11,1,DET,CIN,DET
6/15/2025,MIN,1,2,HOU,HOU,MIN
6/15/2025,COL,10,1,ATL,COL,ATL
6/15/2025,STL,2,3,MIL,MIL,STL
6/15/2025,PIT,2,3,CHC,CHC,PIT
6/15/2025,SD,8,2,AZ,SD,AZ
6/15/2025,SF,4,5,LAD,LAD,SF
6/15/2025,CLE,0,6,SEA,SEA,CLE
6/15/2025,TB,9,0,NYM,TB,NYM
6/15/2025,MIA,3,1,WSH,MIA,WSH
6/15/2025,LAA,2,11,BAL,BAL,LAA
6/15/2025,TOR,4,11,PHI,PHI,TOR
6/15/2025,CWS,1,2,TEX,TEX,CWS
6/15/2025,NYY,0,2,BOS,BOS,NYY
6/15/2025,ATH,3,2,KC,ATH,KC
6/15/2025,CIN,8,4,DET,CIN,DET
6/16/2025,HOU,1,3,ATH,ATH,HOU
6/16/2025,SD,3,6,LAD,LAD,SD
6/16/2025,BOS,2,0,SEA,BOS,SEA
6/16/2025,PHI,5,2,MIA,PHI,MIA
6/16/2025,COL,6,4,WSH,COL,WSH
6/16/2025,BAL,1,7,TB,TB,BAL
6/16/2025,LAA,1,0,NYY,LAA,NYY
6/17/2025,HOU,13,3,ATH,HOU,ATH
6/17/2025,AZ,4,5,TOR,TOR,AZ
6/17/2025,NYM,4,5,ATL,ATL,NYM
6/17/2025,MIL,3,5,CHC,CHC,MIL
6/17/2025,SD,6,8,LAD,LAD,SD
6/17/2025,CLE,3,2,SF,CLE,SF
6/17/2025,BOS,0,8,SEA,SEA,BOS
6/17/2025,PHI,3,8,MIA,MIA,PHI
6/17/2025,COL,10,6,WSH,COL,WSH
6/17/2025,KC,6,1,TEX,KC,TEX
6/17/2025,BAL,5,1,TB,BAL,TB
6/17/2025,MIN,5,6,CIN,CIN,MIN
6/17/2025,PIT,3,7,DET,DET,PIT
6/17/2025,STL,12,2,CWS,STL,CWS
6/17/2025,LAA,4,0,NYY,LAA,NYY
6/18/2025,HOU,11,4,ATH,HOU,ATH
6/18/2025,AZ,1,8,TOR,TOR,AZ
6/18/2025,NYM,0,5,ATL,ATL,NYM
6/18/2025,SD,3,4,LAD,LAD,SD
6/18/2025,CLE,4,2,SF,CLE,SF
6/18/2025,BOS,3,1,SEA,BOS,SEA
6/18/2025,PHI,4,2,MIA,PHI,MIA
6/18/2025,COL,3,1,WSH,COL,WSH
6/18/2025,KC,6,3,TEX,KC,TEX
6/18/2025,BAL,8,12,TB,TB,BAL
6/18/2025,MIN,2,4,CIN,CIN,MIN
6/18/2025,LAA,3,2,NYY,LAA,NYY
6/19/2025,PIT,2,9,DET,DET,PIT
6/19/2025,STL,5,4,CWS,STL,CWS
6/19/2025,HOU,4,6,ATH,ATH,HOU
6/19/2025,AZ,9,5,TOR,AZ,TOR
6/19/2025,NYM,1,7,ATL,ATL,NYM
6/19/2025,MIL,8,7,CHC,MIL,CHC
6/19/2025,SD,5,3,LAD,SD,LAD
6/19/2025,CLE,1,2,SF,SF,CLE
6/19/2025,PHI,2,1,MIA,PHI,MIA
6/19/2025,COL,3,4,WSH,WSH,COL
6/19/2025,KC,4,1,TEX,KC,TEX
6/19/2025,BAL,4,1,TB,BAL,TB
6/19/2025,MIN,12,5,CIN,MIN,CIN
6/19/2025,PIT,8,4,DET,PIT,DET
6/19/2025,STL,8,6,CWS,STL,CWS
6/19/2025,LAA,3,7,NYY,NYY,LAA
6/20/2025,HOU,3,2,LAA,HOU,LAA
6/20/2025,CLE,1,5,ATH,ATH,CLE
6/20/2025,CWS,7,1,TOR,CWS,TOR
6/20/2025,CIN,1,6,STL,STL,CIN
6/20/2025,SEA,9,4,CHC,SEA,CHC
6/20/2025,WSH,5,6,LAD,LAD,WSH
6/20/2025,BOS,7,5,SF,BOS,SF
6/20/2025,ATL,2,6,MIA,MIA,ATL
6/20/2025,KC,6,5,SD,KC,SD
6/20/2025,NYM,2,10,PHI,PHI,NYM
6/20/2025,TEX,6,2,PIT,TEX,PIT
6/20/2025,DET,8,14,TB,TB,DET
6/20/2025,AZ,14,8,COL,AZ,COL
6/20/2025,MIL,17,6,MIN,MIL,MIN
6/20/2025,BAL,5,3,NYY,BAL,NYY
6/21/2025,HOU,1,9,LAA,LAA,HOU
6/21/2025,CLE,4,2,ATH,CLE,ATH
6/21/2025,CWS,1,7,TOR,TOR,CWS
6/21/2025,CIN,5,6,STL,STL,CIN
6/21/2025,SEA,7,10,CHC,CHC,SEA
6/21/2025,WSH,7,3,LAD,WSH,LAD
6/21/2025,BOS,2,3,SF,SF,BOS
6/21/2025,ATL,7,0,MIA,ATL,MIA
6/21/2025,KC,1,5,SD,SD,KC
6/21/2025,NYM,11,4,PHI,NYM,PHI
6/21/2025,TEX,3,2,PIT,TEX,PIT
6/21/2025,DET,3,8,TB,TB,DET
6/21/2025,AZ,5,3,COL,AZ,COL
6/21/2025,MIL,9,0,MIN,MIL,MIN
6/21/2025,BAL,0,9,NYY,NYY,BAL
6/22/2025,HOU,8,7,LAA,HOU,LAA
6/22/2025,CLE,3,0,ATH,CLE,ATH
6/22/2025,CWS,4,2,TOR,CWS,TOR
6/22/2025,CIN,4,1,STL,CIN,STL
6/22/2025,SEA,14,6,CHC,SEA,CHC
6/22/2025,WSH,7,13,LAD,LAD,WSH
6/22/2025,BOS,5,9,SF,SF,BOS
6/22/2025,ATL,3,5,MIA,MIA,ATL
6/22/2025,KC,2,3,SD,SD,KC
6/22/2025,NYM,1,7,PHI,PHI,NYM
6/22/2025,TEX,3,8,PIT,PIT,TEX
6/22/2025,DET,9,3,TB,DET,TB
6/22/2025,AZ,2,4,COL,COL,AZ
6/22/2025,MIL,9,8,MIN,MIL,MIN
6/22/2025,BAL,2,4,NYY,NYY,BAL
6/23/2025,BOS,5,9,LAA,LAA,BOS
6/23/2025,PIT,5,4,MIL,PIT,MIL
6/23/2025,CHC,2,8,STL,STL,CHC
6/23/2025,ATL,3,2,NYM,ATL,NYM
6/23/2025,TEX,0,6,BAL,BAL,TEX
6/23/2025,WSH,10,6,SD,WSH,SD
6/23/2025,NYY,1,6,CIN,CIN,NYY
6/23/2025,SEA,11,2,MIN,SEA,MIN
6/23/2025,AZ,10,0,CWS,AZ,CWS
6/24/2025,BOS,2,3,LAA,LAA,BOS
6/24/2025,PHI,0,1,HOU,HOU,PHI
6/24/2025,PIT,3,9,MIL,MIL,PIT
6/24/2025,CHC,7,8,STL,STL,CHC
6/24/2025,MIA,4,2,SF,MIA,SF
6/24/2025,TOR,10,6,CLE,TOR,CLE
6/24/2025,ATL,7,4,NYM,ATL,NYM
6/24/2025,TEX,6,5,BAL,TEX,BAL
6/24/2025,WSH,3,4,SD,SD,WSH
6/24/2025,NYY,4,5,CIN,CIN,NYY
6/24/2025,LAD,9,7,COL,LAD,COL
6/24/2025,TB,5,1,KC,TB,KC
6/24/2025,ATH,4,11,DET,DET,ATH
6/24/2025,SEA,6,5,MIN,SEA,MIN
6/24/2025,AZ,4,1,CWS,AZ,CWS
6/25/2025,BOS,2,5,LAA,LAA,BOS
6/25/2025,PHI,0,2,HOU,HOU,PHI
6/25/2025,PIT,2,4,MIL,MIL,PIT
6/25/2025,CHC,8,0,STL,CHC,STL
6/25/2025,MIA,8,5,SF,MIA,SF
6/25/2025,TOR,4,5,CLE,CLE,TOR
6/25/2025,ATL,3,7,NYM,NYM,ATL
6/25/2025,TEX,7,0,BAL,TEX,BAL
6/25/2025,WSH,0,1,SD,SD,WSH
6/25/2025,NYY,7,1,CIN,NYY,CIN
6/25/2025,LAD,8,1,COL,LAD,COL
6/25/2025,TB,3,0,KC,TB,KC
6/25/2025,ATH,3,0,DET,ATH,DET
6/25/2025,SEA,0,2,MIN,MIN,SEA
6/25/2025,AZ,3,7,CWS,CWS,AZ
6/26/2025,PHI,1,2,HOU,HOU,PHI
6/26/2025,CHC,3,0,STL,CHC,STL
6/26/2025,MIA,12,5,SF,MIA,SF
6/26/2025,TOR,6,0,CLE,TOR,CLE
6/26/2025,ATL,0,4,NYM,NYM,ATL
6/26/2025,LAD,3,1,COL,LAD,COL
6/26/2025,TB,4,0,KC,TB,KC
6/26/2025,ATH,0,8,DET,DET,ATH
6/26/2025,SEA,1,10,MIN,MIN,SEA
6/27/2025,WSH,15,9,LAA,WSH,LAA
6/27/2025,CHC,4,7,HOU,HOU,CHC
6/27/2025,PHI,13,0,ATL,PHI,ATL
6/27/2025,COL,6,10,MIL,MIL,COL
6/27/2025,MIA,9,8,AZ,MIA,AZ
6/27/2025,STL,5,0,CLE,STL,CLE
6/27/2025,TB,8,22,BAL,BAL,TB
6/27/2025,NYM,1,9,PIT,PIT,NYM
6/27/2025,SEA,7,6,TEX,SEA,TEX
6/27/2025,TOR,9,0,BOS,TOR,BOS
6/27/2025,SD,1,8,CIN,CIN,SD
6/27/2025,LAD,5,4,KC,LAD,KC
6/27/2025,MIN,4,1,DET,MIN,DET
6/27/2025,SF,3,1,CWS,SF,CWS
6/27/2025,ATH,0,3,NYY,NYY,ATH
6/28/2025,WSH,2,8,LAA,LAA,WSH
6/28/2025,CHC,12,3,HOU,CHC,HOU
6/28/2025,PHI,1,6,ATL,ATL,PHI
6/28/2025,COL,0,5,MIL,MIL,COL
6/28/2025,MIA,8,7,AZ,MIA,AZ
6/28/2025,STL,9,6,CLE,STL,CLE
6/28/2025,TB,11,3,BAL,TB,BAL
6/28/2025,NYM,2,9,PIT,PIT,NYM
6/28/2025,SEA,2,3,TEX,TEX,SEA
6/28/2025,TOR,1,15,BOS,BOS,TOR
6/28/2025,SD,6,4,CIN,SD,CIN
6/28/2025,LAD,5,9,KC,KC,LAD
6/28/2025,MIN,5,10,DET,DET,MIN
6/28/2025,SF,0,1,CWS,CWS,SF
6/28/2025,ATH,7,0,NYY,ATH,NYY
6/29/2025,WSH,7,4,LAA,WSH,LAA
6/29/2025,CHC,0,2,HOU,HOU,CHC
6/29/2025,PHI,2,1,ATL,PHI,ATL
6/29/2025,COL,4,3,MIL,COL,MIL
6/29/2025,MIA,6,4,AZ,MIA,AZ
6/29/2025,STL,7,0,CLE,STL,CLE
6/29/2025,TB,1,5,BAL,BAL,TB
6/29/2025,NYM,1,12,PIT,PIT,NYM
6/29/2025,SEA,6,4,TEX,SEA,TEX
6/29/2025,TOR,5,3,BOS,TOR,BOS
6/29/2025,SD,2,3,CIN,CIN,SD
6/29/2025,LAD,5,1,KC,LAD,KC
6/29/2025,MIN,0,3,DET,DET,MIN
6/29/2025,SF,2,5,CWS,CWS,SF
6/29/2025,ATH,5,12,NYY,NYY,ATH
6/30/2025,NYY,4,5,TOR,TOR,NYY
6/30/2025,SF,2,4,AZ,AZ,SF
6/30/2025,KC,2,6,SEA,SEA,KC
6/30/2025,SD,0,4,PHI,PHI,SD
6/30/2025,STL,0,7,PIT,PIT,STL
6/30/2025,BAL,10,6,TEX,BAL,TEX
6/30/2025,ATH,6,4,TB,ATH,TB
6/30/2025,CIN,6,13,BOS,BOS,CIN
7/1/2025,NYY,5,12,TOR,TOR,NYY
7/1/2025,LAA,4,0,ATL,LAA,ATL
7/1/2025,CLE,2,5,CHC,CHC,CLE
7/1/2025,SF,2,8,AZ,AZ,SF
7/1/2025,CWS,1,6,LAD,LAD,CWS
7/1/2025,KC,6,3,SEA,KC,SEA
7/1/2025,MIN,0,2,MIA,MIA,MIN
7/1/2025,STL,0,1,PIT,PIT,STL
7/1/2025,BAL,2,10,TEX,TEX,BAL
7/1/2025,ATH,4,3,TB,ATH,TB
7/1/2025,CIN,3,5,BOS,BOS,CIN
7/1/2025,HOU,6,5,COL,HOU,COL
7/2/2025,MIL,7,2,NYM,MIL,NYM
7/2/2025,DET,11,2,WSH,DET,WSH
7/2/2025,SD,6,4,PHI,SD,PHI
7/2/2025,NYY,9,11,TOR,TOR,NYY
7/2/2025,LAA,3,8,ATL,ATL,LAA
7/2/2025,CLE,4,5,CHC,CHC,CLE
7/2/2025,SF,6,5,AZ,SF,AZ
7/2/2025,CWS,4,5,LAD,LAD,CWS
7/2/2025,KC,2,3,SEA,SEA,KC
7/2/2025,MIN,2,1,MIA,MIN,MIA
7/2/2025,MIL,3,7,NYM,NYM,MIL
7/2/2025,DET,4,9,WSH,WSH,DET
7/2/2025,SD,1,5,PHI,PHI,SD
7/2/2025,STL,0,5,PIT,PIT,STL
7/2/2025,BAL,0,6,TEX,TEX,BAL
7/2/2025,ATH,5,6,TB,TB,ATH
7/2/2025,CIN,8,4,BOS,CIN,BOS
7/2/2025,HOU,5,3,COL,HOU,COL
7/3/2025,NYY,5,8,TOR,TOR,NYY
7/3/2025,LAA,5,1,ATL,LAA,ATL
7/3/2025,CLE,0,1,CHC,CHC,CLE
7/3/2025,SF,7,2,AZ,SF,AZ
7/3/2025,CWS,2,6,LAD,LAD,CWS
7/3/2025,KC,3,2,SEA,KC,SEA
7/3/2025,MIN,1,4,MIA,MIA,MIN
7/3/2025,MIL,2,3,NYM,NYM,MIL
7/3/2025,DET,7,11,WSH,WSH,DET
7/3/2025,HOU,6,7,COL,COL,HOU
7/4/2025,SF,2,11,ATH,ATH,SF
7/4/2025,LAA,3,4,TOR,TOR,LAA
7/4/2025,BAL,3,2,ATL,BAL,ATL
7/4/2025,STL,3,11,CHC,CHC,STL
7/4/2025,KC,9,3,AZ,KC,AZ
7/4/2025,HOU,18,1,LAD,HOU,LAD
7/4/2025,DET,2,1,CLE,DET,CLE
7/4/2025,PIT,0,6,SEA,SEA,PIT
7/4/2025,MIL,6,5,MIA,MIL,MIA
7/4/2025,NYY,5,6,NYM,NYM,NYY
7/4/2025,BOS,11,2,WSH,BOS,WSH
7/4/2025,TEX,2,3,SD,SD,TEX
7/4/2025,CIN,9,6,PHI,CIN,PHI
7/4/2025,CWS,3,2,COL,CWS,COL
7/4/2025,TB,3,4,MIN,MIN,TB
7/5/2025,SF,7,2,ATH,SF,ATH
7/5/2025,LAA,3,4,TOR,TOR,LAA
7/5/2025,BAL,9,6,ATL,BAL,ATL
7/5/2025,STL,8,6,CHC,STL,CHC
7/5/2025,KC,1,7,AZ,AZ,KC
7/5/2025,HOU,6,4,LAD,HOU,LAD
7/5/2025,DET,1,0,CLE,DET,CLE
7/5/2025,PIT,0,1,SEA,SEA,PIT
7/5/2025,MIL,2,4,MIA,MIA,MIL
7/5/2025,NYY,6,12,NYM,NYM,NYY
7/5/2025,BOS,10,3,WSH,BOS,WSH
7/5/2025,TEX,7,4,SD,TEX,SD
7/5/2025,CIN,1,5,PHI,PHI,CIN
7/5/2025,CWS,10,3,COL,CWS,COL
7/5/2025,TB,5,6,MIN,MIN,TB
7/6/2025,SF,6,2,ATH,SF,ATH
7/6/2025,LAA,2,3,TOR,TOR,LAA
7/6/2025,BAL,2,1,ATL,BAL,ATL
7/6/2025,STL,0,11,CHC,CHC,STL
7/6/2025,KC,4,0,AZ,KC,AZ
7/6/2025,HOU,5,1,LAD,HOU,LAD
7/6/2025,DET,7,2,CLE,DET,CLE
7/6/2025,PIT,0,1,SEA,SEA,PIT
7/6/2025,MIL,3,1,MIA,MIL,MIA
7/6/2025,NYY,6,4,NYM,NYY,NYM
7/6/2025,BOS,6,4,WSH,BOS,WSH
7/6/2025,TEX,1,4,SD,SD,TEX
7/6/2025,CIN,1,3,PHI,PHI,CIN
7/6/2025,CWS,4,6,COL,COL,CWS
7/6/2025,TB,7,5,MIN,TB,MIN
7/7/2025,TEX,5,6,LAA,LAA,TEX
7/7/2025,CLE,7,5,HOU,CLE,HOU
7/7/2025,LAD,1,9,MIL,MIL,LAD
7/7/2025,PHI,1,3,SF,SF,PHI
7/7/2025,AZ,6,3,SD,AZ,SD
7/7/2025,COL,3,9,BOS,BOS,COL
7/7/2025,MIA,5,1,CIN,MIA,CIN
7/7/2025,PIT,3,9,KC,KC,PIT
7/7/2025,TB,1,5,DET,DET,TB
7/7/2025,TOR,8,4,CWS,TOR,CWS
7/8/2025,TEX,13,1,LAA,TEX,LAA
7/8/2025,CLE,10,6,HOU,CLE,HOU
7/8/2025,ATL,1,10,ATH,ATH,ATL
7/8/2025,LAD,1,3,MIL,MIL,LAD
7/8/2025,WSH,2,4,STL,STL,WSH
7/8/2025,PHI,3,4,SF,SF,PHI
7/8/2025,NYM,7,6,BAL,NYM,BAL
7/8/2025,AZ,0,1,SD,SD,AZ
7/8/2025,COL,2,10,BOS,BOS,COL
7/8/2025,MIA,12,2,CIN,MIA,CIN
7/8/2025,PIT,3,4,KC,KC,PIT
7/8/2025,TB,2,4,DET,DET,TB
7/8/2025,CHC,1,8,MIN,MIN,CHC
7/8/2025,TOR,6,1,CWS,TOR,CWS
7/8/2025,SEA,3,10,NYY,NYY,SEA
7/9/2025,TEX,8,11,LAA,LAA,TEX
7/9/2025,CLE,4,2,HOU,CLE,HOU
7/9/2025,ATL,9,2,ATH,ATL,ATH
7/9/2025,LAD,2,3,MIL,MIL,LAD
7/9/2025,WSH,8,2,STL,WSH,STL
7/9/2025,PHI,13,0,SF,PHI,SF
7/9/2025,AZ,8,2,SD,AZ,SD
7/9/2025,COL,2,10,BOS,BOS,COL
7/9/2025,MIA,2,7,CIN,CIN,MIA
7/9/2025,PIT,3,4,KC,KC,PIT
7/9/2025,TB,7,3,DET,TB,DET
7/9/2025,CHC,2,4,MIN,MIN,CHC
7/9/2025,TOR,1,2,CWS,CWS,TOR
7/9/2025,SEA,6,9,NYY,NYY,SEA
7/10/2025,NYM,1,3,BAL,BAL,NYM
7/10/2025,TEX,11,4,LAA,TEX,LAA
7/10/2025,ATL,4,5,ATH,ATH,ATL
7/10/2025,WSH,1,8,STL,STL,WSH
7/10/2025,NYM,3,7,BAL,BAL,NYM
7/10/2025,AZ,3,4,SD,SD,AZ
7/10/2025,TB,3,4,BOS,BOS,TB
7/10/2025,MIA,0,6,CIN,CIN,MIA
7/10/2025,CHC,8,1,MIN,CHC,MIN
7/10/2025,SEA,5,6,NYY,NYY,SEA
7/11/2025,CLE,4,2,CWS,CLE,CWS
7/11/2025,AZ,5,6,LAA,LAA,AZ
7/11/2025,TEX,7,3,HOU,TEX,HOU
7/11/2025,TOR,7,6,ATH,TOR,ATH
7/11/2025,WSH,3,8,MIL,MIL,WSH
7/11/2025,ATL,6,5,STL,ATL,STL
7/11/2025,LAD,7,8,SF,SF,LAD
7/11/2025,MIA,2,5,BAL,BAL,MIA
7/11/2025,PHI,2,4,SD,SD,PHI
7/11/2025,TB,4,5,BOS,BOS,TB
7/11/2025,COL,3,2,CIN,COL,CIN
7/11/2025,NYM,8,3,KC,NYM,KC
7/11/2025,SEA,12,3,DET,SEA,DET
7/11/2025,PIT,1,2,MIN,MIN,PIT
7/11/2025,CLE,4,5,CWS,CWS,CLE
7/11/2025,CHC,0,11,NYY,NYY,CHC
7/12/2025,AZ,5,10,LAA,LAA,AZ
7/12/2025,TEX,4,5,HOU,HOU,TEX
7/12/2025,TOR,3,4,ATH,ATH,TOR
7/12/2025,WSH,5,6,MIL,MIL,WSH
7/12/2025,ATL,7,6,STL,ATL,STL
7/12/2025,LAD,2,1,SF,LAD,SF
7/12/2025,MIA,6,0,BAL,MIA,BAL
7/12/2025,PHI,4,5,SD,SD,PHI
7/12/2025,TB,0,1,BOS,BOS,TB
7/12/2025,COL,3,4,CIN,CIN,COL
7/12/2025,NYM,3,1,KC,NYM,KC
7/12/2025,SEA,15,7,DET,SEA,DET
7/12/2025,PIT,4,12,MIN,MIN,PIT
7/12/2025,CLE,6,2,CWS,CLE,CWS
7/12/2025,CHC,5,2,NYY,CHC,NYY
7/13/2025,AZ,5,1,LAA,AZ,LAA
7/13/2025,TEX,5,1,HOU,TEX,HOU
7/13/2025,TOR,3,6,ATH,ATH,TOR
7/13/2025,WSH,1,8,MIL,MIL,WSH
7/13/2025,ATL,4,5,STL,STL,ATL
7/13/2025,LAD,5,2,SF,LAD,SF
7/13/2025,MIA,11,1,BAL,MIA,BAL
7/13/2025,PHI,2,1,SD,PHI,SD
7/13/2025,TB,1,4,BOS,BOS,TB
7/13/2025,COL,2,4,CIN,CIN,COL
7/13/2025,NYM,2,3,KC,KC,NYM
7/13/2025,SEA,8,4,DET,SEA,DET
7/13/2025,PIT,2,1,MIN,PIT,MIN
7/13/2025,CLE,6,5,CWS,CLE,CWS
7/13/2025,CHC,4,1,NYY,CHC,NYY
7/18/2025,SF,0,4,TOR,TOR,SF
7/18/2025,NYY,3,7,ATL,ATL,NYY
7/18/2025,BOS,1,4,CHC,CHC,BOS
7/18/2025,STL,3,7,AZ,AZ,STL
7/18/2025,MIL,2,0,LAD,MIL,LAD
7/18/2025,ATH,6,8,CLE,CLE,ATH
7/18/2025,HOU,1,6,SEA,SEA,HOU
7/18/2025,KC,7,8,MIA,MIA,KC
7/18/2025,CIN,8,4,NYM,CIN,NYM
7/18/2025,SD,7,2,WSH,SD,WSH
7/18/2025,LAA,6,5,PHI,LAA,PHI
7/18/2025,CWS,10,1,PIT,CWS,PIT
7/18/2025,DET,0,2,TEX,TEX,DET
7/18/2025,BAL,1,11,TB,TB,BAL
7/18/2025,MIN,4,6,COL,COL,MIN
7/19/2025,SF,3,6,TOR,TOR,SF
7/19/2025,NYY,12,9,ATL,NYY,ATL
7/19/2025,BOS,0,6,CHC,CHC,BOS
7/19/2025,STL,1,10,AZ,AZ,STL
7/19/2025,MIL,8,7,LAD,MIL,LAD
7/19/2025,ATH,8,2,CLE,ATH,CLE
7/19/2025,HOU,6,7,SEA,SEA,HOU
7/19/2025,KC,1,3,MIA,MIA,KC
7/19/2025,CIN,5,2,NYM,CIN,NYM
7/19/2025,SD,2,4,WSH,WSH,SD
7/19/2025,LAA,5,9,PHI,PHI,LAA
7/19/2025,CWS,10,4,PIT,CWS,PIT
7/19/2025,DET,1,4,TEX,TEX,DET
7/19/2025,BAL,3,4,TB,TB,BAL
7/19/2025,MIN,6,10,COL,COL,MIN
7/20/2025,SF,6,8,TOR,TOR,SF
7/20/2025,NYY,4,2,ATL,NYY,ATL
7/20/2025,BOS,6,1,CHC,BOS,CHC
7/20/2025,STL,3,5,AZ,AZ,STL
7/20/2025,MIL,6,5,LAD,MIL,LAD
7/20/2025,ATH,2,8,CLE,CLE,ATH
7/20/2025,HOU,11,3,SEA,HOU,SEA
7/20/2025,KC,7,4,MIA,KC,MIA
7/20/2025,CIN,2,3,NYM,NYM,CIN
7/20/2025,SD,8,1,WSH,SD,WSH
7/20/2025,LAA,8,2,PHI,LAA,PHI
7/20/2025,CWS,7,2,PIT,CWS,PIT
7/20/2025,DET,2,1,TEX,DET,TEX
7/20/2025,BAL,5,3,TB,BAL,TB
7/20/2025,MIN,7,1,COL,MIN,COL
7/21/2025,NYY,1,4,TOR,TOR,NYY
7/21/2025,SF,5,9,ATL,ATL,SF
7/21/2025,KC,12,4,CHC,KC,CHC
7/21/2025,HOU,6,3,AZ,HOU,AZ
7/21/2025,MIN,2,5,LAD,LAD,MIN
7/21/2025,BAL,5,10,CLE,CLE,BAL
7/21/2025,MIL,6,0,SEA,MIL,SEA
7/21/2025,SD,2,1,MIA,SD,MIA
7/21/2025,LAA,5,7,NYM,NYM,LAA
7/21/2025,CIN,8,10,WSH,WSH,CIN
7/21/2025,BOS,2,3,PHI,PHI,BOS
7/21/2025,DET,0,3,PIT,PIT,DET
7/21/2025,ATH,2,7,TEX,TEX,ATH
7/21/2025,CWS,8,3,TB,CWS,TB
7/21/2025,STL,6,2,COL,STL,COL
7/22/2025,NYY,5,4,TOR,NYY,TOR
7/22/2025,SF,9,0,ATL,SF,ATL
7/22/2025,KC,0,6,CHC,CHC,KC
7/22/2025,HOU,3,1,AZ,HOU,AZ
7/22/2025,MIN,10,7,LAD,MIN,LAD
7/22/2025,BAL,3,6,CLE,CLE,BAL
7/22/2025,MIL,0,1,SEA,SEA,MIL
7/22/2025,SD,3,4,MIA,MIA,SD
7/22/2025,LAA,2,3,NYM,NYM,LAA
7/22/2025,CIN,1,6,WSH,WSH,CIN
7/22/2025,BOS,1,4,PHI,PHI,BOS
7/22/2025,DET,5,8,PIT,PIT,DET
7/22/2025,ATH,2,6,TEX,TEX,ATH
7/22/2025,CWS,3,4,TB,TB,CWS
7/22/2025,STL,4,8,COL,COL,STL
7/23/2025,NYY,4,8,TOR,TOR,NYY
7/23/2025,SF,9,3,ATL,SF,ATL
7/23/2025,KC,8,4,CHC,KC,CHC
7/23/2025,HOU,4,3,AZ,HOU,AZ
7/23/2025,MIN,3,4,LAD,LAD,MIN
7/23/2025,BAL,2,3,CLE,CLE,BAL
7/23/2025,MIL,10,2,SEA,MIL,SEA
7/23/2025,SD,2,3,MIA,MIA,SD
7/23/2025,LAA,3,6,NYM,NYM,LAA
7/23/2025,CIN,5,0,WSH,CIN,WSH
7/23/2025,BOS,9,8,PHI,BOS,PHI
7/23/2025,DET,1,6,PIT,PIT,DET
7/23/2025,ATH,1,2,TEX,TEX,ATH
7/23/2025,CWS,11,9,TB,CWS,TB
7/23/2025,STL,0,6,COL,COL,STL
7/24/2025,SEA,4,2,LAA,SEA,LAA
7/24/2025,ATH,5,2,HOU,ATH,HOU
7/24/2025,SD,7,9,STL,STL,SD
7/24/2025,BAL,4,3,CLE,BAL,CLE
7/24/2025,TOR,11,4,DET,TOR,DET
7/25/2025,SEA,2,3,LAA,LAA,SEA
7/25/2025,ATH,15,3,HOU,ATH,HOU
7/25/2025,MIA,5,1,MIL,MIA,MIL
7/25/2025,SD,0,3,STL,STL,SD
7/25/2025,NYM,8,1,SF,NYM,SF
7/25/2025,COL,6,5,BAL,COL,BAL
7/25/2025,AZ,1,0,PIT,AZ,PIT
7/25/2025,ATL,3,8,TEX,TEX,ATL
7/25/2025,LAD,5,2,BOS,LAD,BOS
7/25/2025,TB,2,7,CIN,CIN,TB
7/25/2025,TOR,6,2,DET,TOR,DET
7/25/2025,WSH,0,1,MIN,MIN,WSH
7/25/2025,CHC,5,12,CWS,CWS,CHC
7/25/2025,PHI,12,5,NYY,PHI,NYY
7/26/2025,CLE,3,5,KC,KC,CLE
7/26/2025,SEA,7,2,LAA,SEA,LAA
7/26/2025,ATH,5,1,HOU,ATH,HOU
7/26/2025,MIA,7,4,MIL,MIA,MIL
7/26/2025,SD,3,1,STL,SD,STL
7/26/2025,NYM,2,1,SF,NYM,SF
7/26/2025,COL,0,18,BAL,BAL,COL
7/26/2025,AZ,0,2,PIT,PIT,AZ
7/26/2025,ATL,5,6,TEX,TEX,ATL
7/26/2025,LAD,2,4,BOS,BOS,LAD
7/26/2025,TB,2,6,CIN,CIN,TB
7/26/2025,CLE,6,4,KC,CLE,KC
7/26/2025,TOR,6,1,DET,TOR,DET
7/26/2025,WSH,9,3,MIN,WSH,MIN
7/26/2025,CHC,6,1,CWS,CHC,CWS
7/26/2025,PHI,9,4,NYY,PHI,NYY
7/27/2025,SEA,1,4,LAA,LAA,SEA
7/27/2025,ATH,7,1,HOU,ATH,HOU
7/27/2025,MIA,2,3,MIL,MIL,MIA
7/27/2025,SD,9,2,STL,SD,STL
7/27/2025,NYM,5,3,SF,NYM,SF
7/27/2025,COL,1,5,BAL,BAL,COL
7/27/2025,AZ,0,6,PIT,PIT,AZ
7/27/2025,ATL,1,8,TEX,TEX,ATL
7/27/2025,LAD,3,4,BOS,BOS,LAD
7/27/2025,TB,1,2,CIN,CIN,TB
7/27/2025,CLE,1,4,KC,KC,CLE
7/27/2025,TOR,4,10,DET,DET,TOR
7/27/2025,WSH,7,2,MIN,WSH,MIN
7/27/2025,CHC,5,4,CWS,CHC,CWS
7/27/2025,PHI,3,4,NYY,NYY,PHI
7/28/2025,TEX,4,6,LAA,LAA,TEX
7/28/2025,WSH,2,1,HOU,WSH,HOU
7/28/2025,SEA,3,1,ATH,SEA,ATH
7/28/2025,CHC,4,8,MIL,MIL,CHC
7/28/2025,MIA,1,7,STL,STL,MIA
7/28/2025,PIT,6,5,SF,PIT,SF
7/28/2025,COL,8,6,CLE,COL,CLE
7/28/2025,TOR,4,11,BAL,BAL,TOR
7/28/2025,NYM,6,7,SD,SD,NYM
7/28/2025,LAD,5,2,CIN,LAD,CIN
7/28/2025,ATL,10,7,KC,ATL,KC
7/28/2025,AZ,1,5,DET,DET,AZ
7/28/2025,BOS,4,5,MIN,MIN,BOS
7/28/2025,PHI,2,6,CWS,CWS,PHI
7/28/2025,TB,4,2,NYY,TB,NYY
7/29/2025,TOR,4,16,BAL,BAL,TOR
7/29/2025,TEX,5,8,LAA,LAA,TEX
7/29/2025,WSH,4,7,HOU,HOU,WSH
7/29/2025,SEA,1,6,ATH,ATH,SEA
7/29/2025,CHC,3,9,MIL,MIL,CHC
7/29/2025,MIA,5,0,STL,MIA,STL
7/29/2025,PIT,3,1,SF,PIT,SF
7/29/2025,COL,4,10,CLE,CLE,COL
7/29/2025,TOR,2,3,BAL,BAL,TOR
7/29/2025,NYM,1,7,SD,SD,NYM
7/29/2025,LAD,5,4,CIN,LAD,CIN
7/29/2025,ATL,6,9,KC,KC,ATL
7/29/2025,AZ,2,12,DET,DET,AZ
7/29/2025,BOS,8,5,MIN,BOS,MIN
7/29/2025,PHI,6,3,CWS,PHI,CWS
7/29/2025,TB,5,7,NYY,NYY,TB
7/30/2025,TEX,6,3,LAA,TEX,LAA
7/30/2025,WSH,1,9,HOU,HOU,WSH
7/30/2025,SEA,4,5,ATH,ATH,SEA
7/30/2025,CHC,10,3,MIL,CHC,MIL
7/30/2025,MIA,2,0,STL,MIA,STL
7/30/2025,PIT,2,1,SF,PIT,SF
7/30/2025,COL,0,5,CLE,CLE,COL
7/30/2025,TOR,9,8,BAL,TOR,BAL
7/30/2025,NYM,0,5,SD,SD,NYM
7/30/2025,LAD,2,5,CIN,CIN,LAD
7/30/2025,ATL,0,1,KC,KC,ATL
7/30/2025,AZ,2,7,DET,DET,AZ
7/30/2025,BOS,13,1,MIN,BOS,MIN
7/30/2025,PHI,3,9,CWS,CWS,PHI
7/30/2025,TB,4,5,NYY,NYY,TB
7/31/2025,TEX,0,6,SEA,SEA,TEX
7/31/2025,ATL,12,11,CIN,ATL,CIN
7/31/2025,TB,4,7,NYY,NYY,TB
8/1/2025,CWS,6,3,LAA,CWS,LAA
8/1/2025,AZ,1,5,ATH,ATH,AZ
8/1/2025,KC,9,3,TOR,KC,TOR
8/1/2025,BAL,0,1,CHC,CHC,BAL
8/1/2025,MIN,2,3,CLE,CLE,MIN
8/1/2025,TEX,3,4,SEA,SEA,TEX
8/1/2025,NYY,12,13,MIA,MIA,NYY
8/1/2025,SF,4,3,NYM,SF,NYM
8/1/2025,MIL,16,9,WSH,MIL,WSH
8/1/2025,STL,1,4,SD,SD,STL
8/1/2025,DET,4,5,PHI,PHI,DET
8/1/2025,LAD,5,0,TB,LAD,TB
8/1/2025,HOU,1,2,BOS,BOS,HOU
8/1/2025,ATL,2,3,CIN,CIN,ATL
8/1/2025,PIT,16,17,COL,COL,PIT
8/2/2025,CWS,1,0,LAA,CWS,LAA
8/2/2025,AZ,7,2,ATH,AZ,ATH
8/2/2025,KC,2,4,TOR,TOR,KC
8/2/2025,BAL,4,3,CHC,BAL,CHC
8/2/2025,MIN,4,5,CLE,CLE,MIN
8/2/2025,TEX,6,4,SEA,TEX,SEA
8/2/2025,NYY,0,2,MIA,MIA,NYY
8/2/2025,SF,6,12,NYM,NYM,SF
8/2/2025,MIL,8,2,WSH,MIL,WSH
8/2/2025,STL,8,5,SD,STL,SD
8/2/2025,DET,7,5,PHI,DET,PHI
8/2/2025,LAD,0,4,TB,TB,LAD
8/2/2025,HOU,3,7,BOS,BOS,HOU
8/2/2025,ATL,4,2,CIN,ATL,CIN
8/2/2025,PIT,5,8,COL,COL,PIT
8/3/2025,CWS,5,8,LAA,LAA,CWS
8/3/2025,AZ,6,4,ATH,AZ,ATH
8/3/2025,KC,7,4,TOR,KC,TOR
8/3/2025,BAL,3,5,CHC,CHC,BAL
8/3/2025,MIN,5,4,CLE,MIN,CLE
8/3/2025,TEX,4,5,SEA,SEA,TEX
8/3/2025,NYY,3,7,MIA,MIA,NYY
8/3/2025,SF,12,4,NYM,SF,NYM
8/3/2025,MIL,14,3,WSH,MIL,WSH
8/3/2025,STL,3,7,SD,SD,STL
8/3/2025,DET,0,2,PHI,PHI,DET
8/3/2025,LAD,3,0,TB,LAD,TB
8/3/2025,HOU,1,6,BOS,BOS,HOU
8/3/2025,PIT,9,5,COL,PIT,COL
8/4/2025,TB,1,5,LAA,LAA,TB
8/4/2025,MIL,3,1,ATL,MIL,ATL
8/4/2025,CIN,3,2,CHC,CIN,CHC
8/4/2025,SD,2,6,AZ,AZ,SD
8/4/2025,STL,3,2,LAD,STL,LAD
8/4/2025,HOU,8,2,MIA,HOU,MIA
8/4/2025,CLE,7,6,NYM,CLE,NYM
8/4/2025,BAL,3,13,PHI,PHI,BAL
8/4/2025,SF,4,5,PIT,PIT,SF
8/4/2025,NYY,5,8,TEX,TEX,NYY
8/4/2025,KC,5,8,BOS,BOS,KC
8/4/2025,TOR,15,1,COL,TOR,COL
8/4/2025,MIN,3,6,DET,DET,MIN
8/5/2025,TB,7,3,LAA,TB,LAA
8/5/2025,MIL,7,2,ATL,MIL,ATL
8/5/2025,CIN,5,1,CHC,CIN,CHC
8/5/2025,SD,10,5,AZ,SD,AZ
8/5/2025,STL,6,12,LAD,LAD,STL
8/5/2025,CWS,3,8,SEA,SEA,CWS
8/5/2025,HOU,7,3,MIA,HOU,MIA
8/5/2025,CLE,3,2,NYM,CLE,NYM
8/5/2025,ATH,16,7,WSH,ATH,WSH
8/5/2025,BAL,0,5,PHI,PHI,BAL
8/5/2025,SF,8,1,PIT,SF,PIT
8/5/2025,NYY,0,2,TEX,TEX,NYY
8/5/2025,KC,2,6,BOS,BOS,KC
8/5/2025,TOR,10,4,COL,TOR,COL
8/5/2025,MIN,6,3,DET,MIN,DET
8/6/2025,TB,5,4,LAA,TB,LAA
8/6/2025,MIL,5,4,ATL,MIL,ATL
8/6/2025,CIN,1,6,CHC,CHC,CIN
8/6/2025,SD,3,2,AZ,SD,AZ
8/6/2025,STL,5,3,LAD,STL,LAD
8/6/2025,CWS,6,8,SEA,SEA,CWS
8/6/2025,HOU,4,6,MIA,MIA,HOU
8/6/2025,CLE,4,1,NYM,CLE,NYM
8/6/2025,ATH,1,2,WSH,WSH,ATH
8/6/2025,BAL,5,1,PHI,BAL,PHI
8/6/2025,SF,4,2,PIT,SF,PIT
8/6/2025,NYY,3,2,TEX,NYY,TEX
8/6/2025,KC,7,3,BOS,KC,BOS
8/6/2025,TOR,20,1,COL,TOR,COL
8/6/2025,MIN,9,4,DET,MIN,DET
8/7/2025,MIA,6,8,ATL,ATL,MIA
8/7/2025,CWS,3,4,SEA,SEA,CWS
8/7/2025,ATH,6,0,WSH,ATH,WSH
8/7/2025,CIN,0,7,PIT,PIT,CIN
8/8/2025,MIA,5,1,ATL,MIA,ATL
8/8/2025,NYM,2,3,MIL,MIL,NYM
8/8/2025,CHC,0,5,STL,STL,CHC
8/8/2025,COL,1,6,AZ,AZ,COL
8/8/2025,TOR,1,5,LAD,LAD,TOR
8/8/2025,WSH,0,5,SF,SF,WSH
8/8/2025,TB,2,3,SEA,SEA,TB
8/8/2025,ATH,2,3,BAL,BAL,ATH
8/8/2025,BOS,10,2,SD,BOS,SD
8/8/2025,CIN,2,3,PIT,PIT,CIN
8/8/2025,PHI,9,1,TEX,PHI,TEX
8/8/2025,LAA,5,6,DET,DET,LAA
8/8/2025,KC,4,9,MIN,MIN,KC
8/8/2025,CLE,9,5,CWS,CLE,CWS
8/8/2025,HOU,5,3,NYY,HOU,NYY
8/9/2025,MIA,1,7,ATL,ATL,MIA
8/9/2025,MIA,6,8,ATL,ATL,MIA
8/9/2025,NYM,4,7,MIL,MIL,NYM
8/9/2025,CHC,9,1,STL,CHC,STL
8/9/2025,COL,5,6,AZ,AZ,COL
8/9/2025,TOR,1,9,LAD,LAD,TOR
8/9/2025,WSH,4,2,SF,WSH,SF
8/9/2025,TB,4,7,SEA,SEA,TB
8/9/2025,ATH,11,3,BAL,ATH,BAL
8/9/2025,BOS,4,5,SD,SD,BOS
8/9/2025,CIN,2,1,PIT,CIN,PIT
8/9/2025,PHI,3,2,TEX,PHI,TEX
8/9/2025,LAA,7,4,DET,LAA,DET
8/9/2025,KC,2,0,MIN,KC,MIN
8/9/2025,CLE,3,1,CWS,CLE,CWS
8/9/2025,HOU,4,5,NYY,NYY,HOU
8/10/2025,MIA,1,7,ATL,ATL,MIA
8/10/2025,NYM,6,7,MIL,MIL,NYM
8/10/2025,CHC,2,3,STL,STL,CHC
8/10/2025,COL,6,13,AZ,AZ,COL
8/10/2025,TOR,5,4,LAD,TOR,LAD
8/10/2025,WSH,8,0,SF,WSH,SF
8/10/2025,TB,3,6,SEA,SEA,TB
8/10/2025,ATH,3,2,BAL,ATH,BAL
8/10/2025,BOS,2,6,SD,SD,BOS
8/10/2025,CIN,14,8,PIT,CIN,PIT
8/10/2025,PHI,4,2,TEX,PHI,TEX
8/10/2025,LAA,5,9,DET,DET,LAA
8/10/2025,KC,3,5,MIN,MIN,KC
8/10/2025,CLE,4,6,CWS,CWS,CLE
8/10/2025,HOU,7,1,NYY,HOU,NYY
8/11/2025,LAD,4,7,LAA,LAA,LAD
8/11/2025,BOS,6,7,HOU,HOU,BOS
8/11/2025,TB,7,4,ATH,TB,ATH
8/11/2025,PIT,1,7,MIL,MIL,PIT
8/11/2025,COL,2,3,STL,STL,COL
8/11/2025,SD,4,1,SF,SD,SF
8/11/2025,AZ,6,7,TEX,TEX,AZ
8/11/2025,PHI,4,1,CIN,PHI,CIN
8/11/2025,WSH,4,7,KC,KC,WSH
8/11/2025,DET,2,1,CWS,DET,CWS
8/11/2025,MIN,2,6,NYY,NYY,MIN
8/12/2025,LAD,6,7,LAA,LAA,LAD
8/12/2025,BOS,14,1,HOU,BOS,HOU
8/12/2025,TB,0,6,ATH,ATH,TB
8/12/2025,CHC,1,5,TOR,TOR,CHC
8/12/2025,PIT,0,14,MIL,MIL,PIT
8/12/2025,COL,3,0,STL,COL,STL
8/12/2025,SD,5,1,SF,SD,SF
8/12/2025,MIA,3,4,CLE,CLE,MIA
8/12/2025,ATL,5,13,NYM,NYM,ATL
8/12/2025,SEA,1,0,BAL,SEA,BAL
8/12/2025,AZ,3,2,TEX,AZ,TEX
8/12/2025,PHI,1,6,CIN,CIN,PHI
8/12/2025,WSH,5,8,KC,KC,WSH
8/12/2025,DET,6,9,CWS,CWS,DET
8/12/2025,MIN,1,9,NYY,NYY,MIN
8/13/2025,LAD,5,6,LAA,LAA,LAD
8/13/2025,BOS,1,4,HOU,HOU,BOS
8/13/2025,TB,8,2,ATH,TB,ATH
8/13/2025,CHC,4,1,TOR,CHC,TOR
8/13/2025,PIT,5,12,MIL,MIL,PIT
8/13/2025,COL,6,5,STL,COL,STL
8/13/2025,SD,11,1,SF,SD,SF
8/13/2025,MIA,13,4,CLE,MIA,CLE
8/13/2025,ATL,11,6,NYM,ATL,NYM
8/13/2025,SEA,3,4,BAL,BAL,SEA
8/13/2025,AZ,6,4,TEX,AZ,TEX
8/13/2025,PHI,0,8,CIN,CIN,PHI
8/13/2025,WSH,8,7,KC,WSH,KC
8/13/2025,DET,1,0,CWS,DET,CWS
8/13/2025,MIN,4,1,NYY,MIN,NYY
8/14/2025,CHC,1,2,TOR,TOR,CHC
8/14/2025,MIA,4,9,CLE,CLE,MIA
8/14/2025,ATL,4,3,NYM,ATL,NYM
8/14/2025,PHI,2,3,WSH,WSH,PHI
8/14/2025,SEA,3,5,BAL,BAL,SEA
8/14/2025,AZ,8,2,COL,AZ,COL
8/14/2025,DET,4,3,MIN,DET,MIN
8/15/2025,BAL,7,0,HOU,BAL,HOU
8/15/2025,LAA,3,10,ATH,ATH,LAA
8/15/2025,TEX,5,6,TOR,TOR,TEX
8/15/2025,NYY,4,3,STL,NYY,STL
8/15/2025,PIT,3,2,CHC,PIT,CHC
8/15/2025,SD,2,3,LAD,LAD,SD
8/15/2025,TB,7,6,SF,TB,SF
8/15/2025,ATL,2,0,CLE,ATL,CLE
8/15/2025,SEA,11,9,NYM,SEA,NYM
8/15/2025,PHI,6,2,WSH,PHI,WSH
8/15/2025,MIA,1,2,BOS,BOS,MIA
8/15/2025,MIL,10,8,CIN,MIL,CIN
8/15/2025,AZ,3,4,COL,COL,AZ
8/15/2025,CWS,1,3,KC,KC,CWS
8/15/2025,DET,7,0,MIN,DET,MIN
8/16/2025,BAL,4,5,HOU,HOU,BAL
8/16/2025,LAA,2,7,ATH,ATH,LAA
8/16/2025,TEX,2,14,TOR,TOR,TEX
8/16/2025,NYY,12,8,STL,NYY,STL
8/16/2025,PIT,1,3,CHC,CHC,PIT
8/16/2025,SD,0,6,LAD,LAD,SD
8/16/2025,TB,2,1,SF,TB,SF
8/16/2025,ATL,10,1,CLE,ATL,CLE
8/16/2025,SEA,1,3,NYM,NYM,SEA
8/16/2025,PHI,0,2,WSH,WSH,PHI
8/16/2025,MIA,5,7,BOS,BOS,MIA
8/16/2025,MIL,6,5,CIN,MIL,CIN
8/16/2025,AZ,7,10,COL,COL,AZ
8/16/2025,CWS,2,6,KC,KC,CWS
8/16/2025,DET,8,5,MIN,DET,MIN
8/17/2025,BAL,12,0,HOU,BAL,HOU
8/17/2025,LAA,11,5,ATH,LAA,ATH
8/17/2025,TEX,10,4,TOR,TEX,TOR
8/17/2025,NYY,8,4,STL,NYY,STL
8/17/2025,PIT,3,4,CHC,CHC,PIT
8/17/2025,SD,4,5,LAD,LAD,SD
8/17/2025,TB,1,7,SF,SF,TB
8/17/2025,ATL,5,4,CLE,ATL,CLE
8/17/2025,SEA,3,7,NYM,NYM,SEA
8/17/2025,PHI,11,9,WSH,PHI,WSH
8/17/2025,MIA,5,3,BOS,MIA,BOS
8/17/2025,MIL,2,3,CIN,CIN,MIL
8/17/2025,AZ,5,6,COL,COL,AZ
8/17/2025,CWS,2,6,KC,KC,CWS
8/17/2025,DET,1,8,MIN,MIN,DET
8/18/2025,MIL,7,0,CHC,MIL,CHC
8/18/2025,CIN,4,1,LAA,CIN,LAA
8/18/2025,CWS,13,9,ATL,CWS,ATL
8/18/2025,CLE,3,1,AZ,CLE,AZ
8/18/2025,STL,8,3,MIA,STL,MIA
8/18/2025,SF,4,3,SD,SF,SD
8/18/2025,SEA,7,12,PHI,PHI,SEA
8/18/2025,TOR,2,5,PIT,PIT,TOR
8/18/2025,BAL,6,3,BOS,BAL,BOS
8/18/2025,LAD,3,4,COL,COL,LAD
8/18/2025,TEX,3,4,KC,KC,TEX
8/18/2025,HOU,0,10,DET,DET,HOU
8/19/2025,MIL,4,6,CHC,CHC,MIL
8/19/2025,CIN,6,4,LAA,CIN,LAA
8/19/2025,CWS,10,11,ATL,ATL,CWS
8/19/2025,MIL,1,4,CHC,CHC,MIL
8/19/2025,CLE,5,6,AZ,AZ,CLE
8/19/2025,STL,7,4,MIA,STL,MIA
8/19/2025,NYM,8,1,WSH,NYM,WSH
8/19/2025,SF,1,5,SD,SD,SF
8/19/2025,SEA,4,6,PHI,PHI,SEA
8/19/2025,TOR,7,3,PIT,TOR,PIT
8/19/2025,NYY,13,3,TB,NYY,TB
8/19/2025,BAL,4,3,BOS,BAL,BOS
8/19/2025,LAD,11,4,COL,LAD,COL
8/19/2025,TEX,2,5,KC,KC,TEX
8/19/2025,HOU,0,1,DET,DET,HOU
8/19/2025,ATH,6,3,MIN,ATH,MIN
8/20/2025,CIN,1,2,LAA,LAA,CIN
8/20/2025,CWS,0,1,ATL,ATL,CWS
8/20/2025,MIL,3,4,CHC,CHC,MIL
8/20/2025,CLE,2,3,AZ,AZ,CLE
8/20/2025,STL,2,6,MIA,MIA,STL
8/20/2025,NYM,4,5,WSH,WSH,NYM
8/20/2025,SF,1,8,SD,SD,SF
8/20/2025,SEA,2,11,PHI,PHI,SEA
8/20/2025,TOR,1,2,PIT,PIT,TOR
8/20/2025,NYY,6,4,TB,NYY,TB
8/20/2025,LAD,3,8,COL,COL,LAD
8/20/2025,TEX,6,3,KC,TEX,KC
8/20/2025,HOU,2,7,DET,DET,HOU
8/20/2025,ATH,4,2,MIN,ATH,MIN
8/21/2025,MIL,4,1,CHC,MIL,CHC
8/21/2025,NYM,3,9,WSH,WSH,NYM
8/21/2025,HOU,7,2,BAL,HOU,BAL
8/21/2025,SF,4,8,SD,SD,SF
8/21/2025,LAD,9,5,COL,LAD,COL
8/21/2025,TEX,4,6,KC,KC,TEX
8/21/2025,ATH,8,3,MIN,ATH,MIN
8/21/2025,BOS,6,3,NYY,BOS,NYY
8/21/2025,STL,7,4,TB,STL,TB
8/22/2025,CHC,3,2,LAA,CHC,LAA
8/22/2025,NYM,12,7,ATL,NYM,ATL
8/22/2025,SF,4,5,MIL,MIL,SF
8/22/2025,CIN,5,6,AZ,AZ,CIN
8/22/2025,ATH,2,3,SEA,SEA,ATH
8/22/2025,TOR,5,2,MIA,TOR,MIA
8/22/2025,HOU,10,7,BAL,HOU,BAL
8/22/2025,LAD,1,2,SD,SD,LAD
8/22/2025,WSH,5,4,PHI,WSH,PHI
8/22/2025,COL,0,9,PIT,PIT,COL
8/22/2025,CLE,3,4,TEX,TEX,CLE
8/22/2025,STL,6,10,TB,TB,STL
8/22/2025,KC,5,7,DET,DET,KC
8/22/2025,MIN,9,7,CWS,MIN,CWS
8/22/2025,BOS,1,0,NYY,BOS,NYY
8/23/2025,CHC,12,1,LAA,CHC,LAA
8/23/2025,NYM,9,2,ATL,NYM,ATL
8/23/2025,SF,7,1,MIL,SF,MIL
8/23/2025,CIN,1,10,AZ,AZ,CIN
8/23/2025,ATH,2,1,SEA,ATH,SEA
8/23/2025,TOR,7,6,MIA,TOR,MIA
8/23/2025,HOU,9,8,BAL,HOU,BAL
8/23/2025,LAD,1,5,SD,SD,LAD
8/23/2025,WSH,4,6,PHI,PHI,WSH
8/23/2025,COL,1,5,PIT,PIT,COL
8/23/2025,CLE,0,10,TEX,TEX,CLE
8/23/2025,KC,2,4,DET,DET,KC
8/23/2025,MIN,3,7,CWS,CWS,MIN
8/23/2025,BOS,12,1,NYY,BOS,NYY
8/24/2025,CHC,4,3,LAA,CHC,LAA
8/24/2025,NYM,3,4,ATL,ATL,NYM
8/24/2025,SF,4,3,MIL,SF,MIL
8/24/2025,CIN,6,1,AZ,CIN,AZ
8/24/2025,ATH,4,11,SEA,SEA,ATH
8/24/2025,TOR,3,5,MIA,MIA,TOR
8/24/2025,HOU,2,3,BAL,BAL,HOU
8/24/2025,LAD,8,2,SD,LAD,SD
8/24/2025,WSH,2,3,PHI,PHI,WSH
8/24/2025,COL,0,4,PIT,PIT,COL
8/24/2025,CLE,0,5,TEX,TEX,CLE
8/24/2025,STL,2,7,TB,TB,STL
8/24/2025,KC,10,8,DET,KC,DET
8/24/2025,MIN,0,8,CWS,CWS,MIN
8/24/2025,BOS,2,7,NYY,NYY,BOS
8/25/2025,DET,3,8,ATH,ATH,DET
8/25/2025,MIN,4,10,TOR,TOR,MIN
8/25/2025,AZ,5,7,MIL,MIL,AZ
8/25/2025,PIT,6,7,STL,STL,PIT
8/25/2025,CIN,0,7,LAD,LAD,CIN
8/25/2025,TB,9,0,CLE,TB,CLE
8/25/2025,SD,6,9,SEA,SEA,SD
8/25/2025,ATL,1,2,MIA,MIA,ATL
8/25/2025,PHI,3,13,NYM,NYM,PHI
8/25/2025,BOS,4,3,BAL,BOS,BAL
8/25/2025,LAA,4,0,TEX,LAA,TEX
8/25/2025,KC,0,7,CWS,CWS,KC
8/25/2025,WSH,5,10,NYY,NYY,WSH
8/26/2025,COL,6,1,HOU,COL,HOU
8/26/2025,DET,6,7,ATH,ATH,DET
8/26/2025,MIN,7,5,TOR,MIN,TOR
8/26/2025,AZ,8,9,MIL,MIL,AZ
8/26/2025,PIT,8,3,STL,PIT,STL
8/26/2025,CIN,3,6,LAD,LAD,CIN
8/26/2025,CHC,2,5,SF,SF,CHC
8/26/2025,TB,0,3,CLE,CLE,TB
8/26/2025,SD,7,6,SEA,SD,SEA
8/26/2025,ATL,11,2,MIA,ATL,MIA
8/26/2025,PHI,5,6,NYM,NYM,PHI
8/26/2025,BOS,5,0,BAL,BOS,BAL
8/26/2025,LAA,3,7,TEX,TEX,LAA
8/26/2025,KC,5,4,CWS,KC,CWS
8/26/2025,WSH,1,5,NYY,NYY,WSH
8/27/2025,COL,0,4,HOU,HOU,COL
8/27/2025,DET,0,7,ATH,ATH,DET
8/27/2025,MIN,8,9,TOR,TOR,MIN
8/27/2025,AZ,3,2,MIL,AZ,MIL
8/27/2025,PIT,2,1,STL,PIT,STL
8/27/2025,CIN,1,5,LAD,LAD,CIN
8/27/2025,CHC,3,12,SF,SF,CHC
8/27/2025,TB,3,4,CLE,CLE,TB
8/27/2025,SD,3,4,SEA,SEA,SD
8/27/2025,ATL,12,1,MIA,ATL,MIA
8/27/2025,PHI,0,6,NYM,NYM,PHI
8/27/2025,BOS,3,2,BAL,BOS,BAL
8/27/2025,LAA,3,20,TEX,TEX,LAA
8/27/2025,KC,12,1,CWS,KC,CWS
8/27/2025,WSH,2,11,NYY,NYY,WSH
8/28/2025,COL,3,4,HOU,HOU,COL
8/28/2025,AZ,6,4,MIL,AZ,MIL
8/28/2025,PIT,1,4,STL,STL,PIT
8/28/2025,CHC,3,4,SF,SF,CHC
8/28/2025,MIA,7,4,NYM,MIA,NYM
8/28/2025,BOS,3,2,BAL,BOS,BAL
8/28/2025,ATL,4,19,PHI,PHI,ATL
8/28/2025,NYY,10,4,CWS,NYY,CWS
8/29/2025,LAA,0,2,HOU,HOU,LAA
8/29/2025,TEX,5,2,ATH,TEX,ATH
8/29/2025,MIL,7,2,TOR,MIL,TOR
8/29/2025,AZ,3,0,LAD,AZ,LAD
8/29/2025,BAL,8,15,SF,SF,BAL
8/29/2025,SEA,4,5,CLE,CLE,SEA
8/29/2025,MIA,9,19,NYM,NYM,MIA
8/29/2025,TB,4,1,WSH,TB,WSH
8/29/2025,ATL,1,2,PHI,PHI,ATL
8/29/2025,PIT,4,2,BOS,PIT,BOS
8/29/2025,STL,7,5,CIN,STL,CIN
8/29/2025,CHC,11,7,COL,CHC,COL
8/29/2025,DET,5,3,KC,DET,KC
8/29/2025,SD,4,7,MIN,MIN,SD
8/29/2025,NYY,10,2,CWS,NYY,CWS
8/30/2025,LAA,4,1,HOU,LAA,HOU
8/30/2025,TEX,9,3,ATH,TEX,ATH
8/30/2025,MIL,4,1,TOR,MIL,TOR
8/30/2025,AZ,6,1,LAD,AZ,LAD
8/30/2025,BAL,11,1,SF,BAL,SF
8/30/2025,SEA,3,4,CLE,CLE,SEA
8/30/2025,MIA,11,8,NYM,MIA,NYM
8/30/2025,TB,4,1,WSH,TB,WSH
8/30/2025,ATL,2,3,PHI,PHI,ATL
8/30/2025,PIT,10,3,BOS,PIT,BOS
8/30/2025,STL,4,2,CIN,STL,CIN
8/30/2025,CHC,4,3,COL,CHC,COL
8/30/2025,DET,1,3,KC,KC,DET
8/30/2025,SD,12,3,MIN,SD,MIN
8/30/2025,NYY,5,3,CWS,NYY,CWS
8/31/2025,LAA,3,0,HOU,LAA,HOU
8/31/2025,TEX,9,6,ATH,TEX,ATH
8/31/2025,MIL,4,8,TOR,TOR,MIL
8/31/2025,AZ,4,5,LAD,LAD,AZ
8/31/2025,BAL,2,13,SF,SF,BAL
8/31/2025,SEA,4,2,CLE,SEA,CLE
8/31/2025,MIA,5,1,NYM,MIA,NYM
8/31/2025,TB,7,4,WSH,TB,WSH
8/31/2025,ATL,3,1,PHI,ATL,PHI
8/31/2025,PIT,2,5,BOS,BOS,PIT
8/31/2025,STL,4,7,CIN,CIN,STL
8/31/2025,CHC,5,6,COL,COL,CHC
8/31/2025,DET,5,0,KC,DET,KC
8/31/2025,SD,2,7,MIN,MIN,SD
8/31/2025,NYY,2,3,CWS,CWS,NYY
9/1/2025,LAA,3,8,HOU,HOU,LAA
9/1/2025,PHI,10,8,MIL,PHI,MIL
9/1/2025,ATH,11,3,STL,ATH,STL
9/1/2025,ATL,6,7,CHC,CHC,ATL
9/1/2025,TEX,7,5,AZ,TEX,AZ
9/1/2025,MIA,0,2,WSH,WSH,MIA
9/1/2025,BAL,4,3,SD,BAL,SD
9/1/2025,SEA,2,10,TB,TB,SEA
9/1/2025,CLE,4,6,BOS,BOS,CLE
9/1/2025,TOR,4,5,CIN,CIN,TOR
9/1/2025,SF,8,2,COL,SF,COL
9/1/2025,NYM,10,8,DET,NYM,DET
9/1/2025,CWS,6,5,MIN,CWS,MIN
9/2/2025,NYY,7,1,HOU,NYY,HOU
9/2/2025,ATH,1,2,STL,STL,ATH
9/2/2025,ATL,3,4,CHC,CHC,ATL
9/2/2025,TEX,3,5,AZ,AZ,TEX
9/2/2025,MIA,2,5,WSH,WSH,MIA
9/2/2025,BAL,6,2,SD,BAL,SD
9/2/2025,LAD,7,9,PIT,PIT,LAD
9/2/2025,SEA,5,6,TB,TB,SEA
9/2/2025,CLE,7,11,BOS,BOS,CLE
9/2/2025,TOR,12,9,CIN,TOR,CIN
9/2/2025,SF,7,4,COL,SF,COL
9/2/2025,LAA,5,1,KC,LAA,KC
9/2/2025,NYM,12,5,DET,NYM,DET
9/2/2025,CWS,12,3,MIN,CWS,MIN
9/3/2025,NYY,7,8,HOU,HOU,NYY
9/3/2025,PHI,3,6,MIL,MIL,PHI
9/3/2025,ATH,1,5,STL,STL,ATH
9/3/2025,ATL,5,1,CHC,ATL,CHC
9/3/2025,TEX,0,2,AZ,AZ,TEX
9/3/2025,MIA,5,10,WSH,WSH,MIA
9/3/2025,BAL,7,5,SD,BAL,SD
9/3/2025,LAD,0,3,PIT,PIT,LAD
9/3/2025,SEA,4,9,TB,TB,SEA
9/3/2025,CLE,8,1,BOS,CLE,BOS
9/3/2025,TOR,13,9,CIN,TOR,CIN
9/3/2025,SF,10,8,COL,SF,COL
9/3/2025,LAA,4,3,KC,LAA,KC
9/3/2025,NYM,2,6,DET,DET,NYM
9/3/2025,CWS,4,3,MIN,CWS,MIN
9/4/2025,NYY,8,4,HOU,NYY,HOU
9/4/2025,PHI,2,0,MIL,PHI,MIL
9/4/2025,LAD,3,5,PIT,PIT,LAD
9/4/2025,CLE,2,4,TB,TB,CLE
9/4/2025,LAA,3,4,KC,KC,LAA
9/4/2025,CWS,11,8,MIN,CWS,MIN
9/5/2025,ATH,10,4,LAA,ATH,LAA
9/5/2025,SEA,1,4,ATL,ATL,SEA
9/5/2025,SF,8,2,STL,SF,STL
9/5/2025,WSH,5,11,CHC,CHC,WSH
9/5/2025,BOS,5,10,AZ,AZ,BOS
9/5/2025,PHI,9,3,MIA,PHI,MIA
9/5/2025,LAD,1,2,BAL,BAL,LAD
9/5/2025,MIL,5,2,PIT,MIL,PIT
9/5/2025,HOU,3,4,TEX,TEX,HOU
9/5/2025,CLE,7,1,TB,CLE,TB
9/5/2025,NYM,5,4,CIN,NYM,CIN
9/5/2025,SD,0,3,COL,COL,SD
9/5/2025,MIN,1,2,KC,KC,MIN
9/5/2025,CWS,7,5,DET,CWS,DET
9/5/2025,TOR,7,1,NYY,TOR,NYY
9/6/2025,ATH,17,4,LAA,ATH,LAA
9/6/2025,SEA,10,2,ATL,SEA,ATL
9/6/2025,SF,2,3,STL,STL,SF
9/6/2025,WSH,2,1,CHC,WSH,CHC
9/6/2025,BOS,1,5,AZ,AZ,BOS
9/6/2025,PHI,4,2,MIA,PHI,MIA
9/6/2025,LAD,3,4,BAL,BAL,LAD
9/6/2025,MIL,4,1,PIT,MIL,PIT
9/6/2025,HOU,11,0,TEX,HOU,TEX
9/6/2025,CLE,3,2,TB,CLE,TB
9/6/2025,NYM,3,6,CIN,CIN,NYM
9/6/2025,SD,10,8,COL,SD,COL
9/6/2025,MIN,2,11,KC,KC,MIN
9/6/2025,CWS,0,6,DET,DET,CWS
9/6/2025,TOR,1,3,NYY,NYY,TOR
9/7/2025,ATH,3,4,LAA,LAA,ATH
9/7/2025,SEA,18,2,ATL,SEA,ATL
9/7/2025,SF,3,4,STL,STL,SF
9/7/2025,WSH,6,3,CHC,WSH,CHC
9/7/2025,BOS,7,4,AZ,BOS,AZ
9/7/2025,PHI,4,5,MIA,MIA,PHI
9/7/2025,LAD,5,2,BAL,LAD,BAL
9/7/2025,MIL,10,2,PIT,MIL,PIT
9/7/2025,HOU,2,4,TEX,TEX,HOU
9/7/2025,CLE,2,1,TB,CLE,TB
9/7/2025,NYM,2,3,CIN,CIN,NYM
9/7/2025,SD,8,1,COL,SD,COL
9/7/2025,MIN,5,1,KC,MIN,KC
9/7/2025,CWS,6,4,DET,CWS,DET
9/7/2025,TOR,3,4,NYY,NYY,TOR
9/8/2025,MIN,12,3,LAA,MIN,LAA
9/8/2025,BOS,7,0,ATH,BOS,ATH
9/8/2025,CHC,1,4,ATL,ATL,CHC
9/8/2025,COL,1,3,LAD,LAD,COL
9/8/2025,AZ,5,11,SF,SF,AZ
9/8/2025,KC,2,10,CLE,CLE,KC
9/8/2025,STL,2,4,SEA,SEA,STL
9/8/2025,WSH,15,7,MIA,WSH,MIA
9/8/2025,CIN,3,4,SD,SD,CIN
9/8/2025,NYM,0,1,PHI,PHI,NYM
9/8/2025,MIL,0,5,TEX,TEX,MIL
9/9/2025,MIN,2,12,LAA,LAA,MIN
9/9/2025,BOS,6,0,ATH,BOS,ATH
9/9/2025,HOU,3,4,TOR,TOR,HOU
9/9/2025,CHC,6,1,ATL,CHC,ATL
9/9/2025,COL,2,7,LAD,LAD,COL
9/9/2025,AZ,3,5,SF,SF,AZ
9/9/2025,KC,0,2,CLE,CLE,KC
9/9/2025,STL,3,5,SEA,SEA,STL
9/9/2025,WSH,7,5,MIA,WSH,MIA
9/9/2025,PIT,2,3,BAL,BAL,PIT
9/9/2025,CIN,4,2,SD,CIN,SD
9/9/2025,NYM,3,9,PHI,PHI,NYM
9/9/2025,MIL,4,5,TEX,TEX,MIL
9/9/2025,TB,5,4,CWS,TB,CWS
9/9/2025,DET,12,2,NYY,DET,NYY
9/10/2025,MIN,3,4,LAA,LAA,MIN
9/10/2025,BOS,4,5,ATH,ATH,BOS
9/10/2025,HOU,3,2,TOR,HOU,TOR
9/10/2025,CHC,3,2,ATL,CHC,ATL
9/10/2025,COL,0,9,LAD,LAD,COL
9/10/2025,AZ,5,3,SF,AZ,SF
9/10/2025,KC,4,3,CLE,KC,CLE
9/10/2025,STL,2,4,SEA,SEA,STL
9/10/2025,WSH,3,8,MIA,MIA,WSH
9/10/2025,PIT,1,2,BAL,BAL,PIT
9/10/2025,CIN,2,1,SD,CIN,SD
9/10/2025,NYM,3,11,PHI,PHI,NYM
9/10/2025,MIL,3,6,TEX,TEX,MIL
9/10/2025,TB,5,6,CWS,CWS,TB
9/10/2025,DET,11,1,NYY,DET,NYY
9/11/2025,HOU,0,6,TOR,TOR,HOU
9/11/2025,KC,2,3,CLE,CLE,KC
9/11/2025,LAA,6,7,SEA,SEA,LAA
9/11/2025,WSH,0,5,MIA,MIA,WSH
9/11/2025,PIT,2,3,BAL,BAL,PIT
9/11/2025,COL,0,2,SD,SD,COL
9/11/2025,NYM,4,6,PHI,PHI,NYM
9/11/2025,TB,1,5,CWS,CWS,TB
9/11/2025,DET,3,9,NYY,NYY,DET
9/12/2025,CIN,0,3,ATH,ATH,CIN
9/12/2025,BAL,1,6,TOR,TOR,BAL
9/12/2025,HOU,11,3,ATL,HOU,ATL
9/12/2025,STL,2,8,MIL,MIL,STL
9/12/2025,TB,4,6,CHC,CHC,TB
9/12/2025,LAD,1,5,SF,SF,LAD
9/12/2025,CWS,0,4,CLE,CLE,CWS
9/12/2025,LAA,1,2,SEA,SEA,LAA
9/12/2025,DET,2,8,MIA,MIA,DET
9/12/2025,TEX,8,3,NYM,TEX,NYM
9/12/2025,PIT,5,6,WSH,WSH,PIT
9/12/2025,COL,4,2,SD,COL,SD
9/12/2025,KC,2,8,PHI,PHI,KC
9/12/2025,NYY,4,1,BOS,NYY,BOS
9/12/2025,AZ,8,9,MIN,MIN,AZ
9/13/2025,CIN,5,11,ATH,ATH,CIN
9/13/2025,BAL,4,5,TOR,TOR,BAL
9/13/2025,HOU,6,2,ATL,HOU,ATL
9/13/2025,STL,8,9,MIL,MIL,STL
9/13/2025,TB,5,4,CHC,TB,CHC
9/13/2025,LAD,13,7,SF,LAD,SF
9/13/2025,CWS,1,3,CLE,CLE,CWS
9/13/2025,LAA,3,5,SEA,SEA,LAA
9/13/2025,DET,4,6,MIA,MIA,DET
9/13/2025,TEX,3,2,NYM,TEX,NYM
9/13/2025,PIT,5,1,WSH,PIT,WSH
9/13/2025,COL,3,11,SD,SD,COL
9/13/2025,KC,6,8,PHI,PHI,KC
9/13/2025,NYY,5,3,BOS,NYY,BOS
9/13/2025,AZ,5,2,MIN,AZ,MIN
9/14/2025,CIN,4,7,ATH,ATH,CIN
9/14/2025,BAL,2,11,TOR,TOR,BAL
9/14/2025,HOU,3,8,ATL,ATL,HOU
9/14/2025,STL,3,2,MIL,STL,MIL
9/14/2025,TB,3,4,CHC,CHC,TB
9/14/2025,LAD,10,2,SF,LAD,SF
9/14/2025,CWS,2,3,CLE,CLE,CWS
9/14/2025,LAA,2,11,SEA,SEA,LAA
9/14/2025,DET,2,0,MIA,DET,MIA
9/14/2025,TEX,2,5,NYM,NYM,TEX
9/14/2025,PIT,3,4,WSH,WSH,PIT
9/14/2025,COL,6,9,SD,SD,COL
9/14/2025,KC,10,3,PHI,KC,PHI
9/14/2025,NYY,4,6,BOS,BOS,NYY
9/14/2025,AZ,6,4,MIN,AZ,MIN
9/15/2025,TEX,3,6,HOU,HOU,TEX
9/15/2025,CIN,11,6,STL,CIN,STL
9/15/2025,SF,1,8,AZ,AZ,SF
9/15/2025,PHI,6,5,LAD,PHI,LAD
9/15/2025,ATL,11,3,WSH,ATL,WSH
9/15/2025,CHC,4,0,PIT,CHC,PIT
9/15/2025,TOR,2,1,TB,TOR,TB
9/15/2025,NYY,0,7,MIN,MIN,NYY
9/15/2025,BAL,4,1,CWS,BAL,CWS
9/16/2025,ATL,6,3,WSH,ATL,WSH
9/16/2025,TEX,5,6,HOU,HOU,TEX
9/16/2025,LAA,2,9,MIL,MIL,LAA
9/16/2025,CIN,0,3,STL,STL,CIN
9/16/2025,SF,5,6,AZ,AZ,SF
9/16/2025,PHI,9,6,LAD,PHI,LAD
9/16/2025,SD,3,8,NYM,NYM,SD
9/16/2025,ATL,5,0,WSH,ATL,WSH
9/16/2025,CHC,4,1,PIT,CHC,PIT
9/16/2025,TOR,6,5,TB,TOR,TB
9/16/2025,ATH,2,1,BOS,ATH,BOS
9/16/2025,MIA,6,5,COL,MIA,COL
9/16/2025,SEA,12,5,KC,SEA,KC
9/16/2025,CLE,7,5,DET,CLE,DET
9/16/2025,NYY,10,9,MIN,NYY,MIN
9/16/2025,BAL,8,7,CWS,BAL,CWS
9/17/2025,TEX,2,5,HOU,HOU,TEX
9/17/2025,LAA,2,9,MIL,MIL,LAA
9/17/2025,CIN,6,2,STL,CIN,STL
9/17/2025,SF,5,1,AZ,SF,AZ
9/17/2025,PHI,0,5,LAD,LAD,PHI
9/17/2025,SD,7,4,NYM,SD,NYM
9/17/2025,ATL,9,4,WSH,ATL,WSH
9/17/2025,CHC,8,4,PIT,CHC,PIT
9/17/2025,TOR,1,2,TB,TB,TOR
9/17/2025,ATH,4,5,BOS,BOS,ATH
9/17/2025,MIA,8,4,COL,MIA,COL
9/17/2025,SEA,5,7,KC,KC,SEA
9/17/2025,CLE,4,0,DET,CLE,DET
9/17/2025,NYY,10,5,MIN,NYY,MIN
9/17/2025,BAL,3,1,CWS,BAL,CWS
9/18/2025,LAA,2,5,MIL,MIL,LAA
9/18/2025,SF,1,2,LAD,LAD,SF
9/18/2025,SD,1,6,NYM,NYM,SD
9/18/2025,NYY,7,0,BAL,NYY,BAL
9/18/2025,TOR,0,4,TB,TB,TOR
9/18/2025,ATH,5,3,BOS,ATH,BOS
9/18/2025,CHC,0,1,CIN,CIN,CHC
9/18/2025,MIA,9,7,COL,MIA,COL
9/18/2025,SEA,2,0,KC,SEA,KC
9/18/2025,CLE,3,1,DET,CLE,DET
9/19/2025,SEA,4,0,HOU,SEA,HOU
9/19/2025,MIL,1,7,STL,STL,MIL
9/19/2025,PHI,8,2,AZ,PHI,AZ
9/19/2025,SF,3,6,LAD,LAD,SF
9/19/2025,WSH,6,12,NYM,NYM,WSH
9/19/2025,NYY,2,4,BAL,BAL,NYY
9/19/2025,ATH,4,3,PIT,ATH,PIT
9/19/2025,MIA,6,4,TEX,MIA,TEX
9/19/2025,BOS,11,7,TB,BOS,TB
9/19/2025,CHC,4,7,CIN,CIN,CHC
9/19/2025,LAA,6,7,COL,COL,LAA
9/19/2025,TOR,1,20,KC,KC,TOR
9/19/2025,ATL,10,1,DET,ATL,DET
9/19/2025,CLE,6,2,MIN,CLE,MIN
9/19/2025,SD,3,4,CWS,CWS,SD
9/20/2025,CLE,6,0,MIN,CLE,MIN
9/20/2025,SEA,6,4,HOU,SEA,HOU
9/20/2025,MIL,3,2,STL,MIL,STL
9/20/2025,PHI,3,4,AZ,AZ,PHI
9/20/2025,SF,5,7,LAD,LAD,SF
9/20/2025,WSH,5,3,NYM,WSH,NYM
9/20/2025,NYY,6,1,BAL,NYY,BAL
9/20/2025,ATH,0,2,PIT,PIT,ATH
9/20/2025,MIA,4,3,TEX,MIA,TEX
9/20/2025,BOS,6,3,TB,BOS,TB
9/20/2025,CHC,3,6,CIN,CIN,CHC
9/20/2025,LAA,3,0,COL,LAA,COL
9/20/2025,TOR,1,2,KC,KC,TOR
9/20/2025,ATL,6,5,DET,ATL,DET
9/20/2025,CLE,8,0,MIN,CLE,MIN
9/20/2025,SD,7,3,CWS,SD,CWS
9/21/2025,SEA,7,3,HOU,SEA,HOU
9/21/2025,MIL,1,5,STL,STL,MIL
9/21/2025,PHI,2,9,AZ,AZ,PHI
9/21/2025,SF,3,1,LAD,SF,LAD
9/21/2025,WSH,3,2,NYM,WSH,NYM
9/21/2025,NYY,7,1,BAL,NYY,BAL
9/21/2025,ATH,0,11,PIT,PIT,ATH
9/21/2025,MIA,4,2,TEX,MIA,TEX
9/21/2025,BOS,3,7,TB,TB,BOS
9/21/2025,CHC,0,1,CIN,CIN,CHC
9/21/2025,LAA,1,3,COL,COL,LAA
9/21/2025,TOR,8,5,KC,TOR,KC
9/21/2025,ATL,6,2,DET,ATL,DET
9/21/2025,CLE,2,6,MIN,MIN,CLE
9/21/2025,SD,3,2,CWS,SD,CWS
9/22/2025,WSH,5,11,ATL,ATL,WSH
9/22/2025,STL,6,5,SF,STL,SF
9/22/2025,MIL,4,5,SD,SD,MIL
9/23/2025,KC,8,4,LAA,KC,LAA
9/23/2025,HOU,1,5,ATH,ATH,HOU
9/23/2025,BOS,4,1,TOR,BOS,TOR
9/23/2025,WSH,2,3,ATL,ATL,WSH
9/23/2025,NYM,9,7,CHC,NYM,CHC
9/23/2025,LAD,4,5,AZ,AZ,LAD
9/23/2025,STL,9,8,SF,STL,SF
9/23/2025,DET,2,5,CLE,CLE,DET
9/23/2025,COL,3,4,SEA,SEA,COL
9/23/2025,TB,0,6,BAL,BAL,TB
9/23/2025,MIL,0,7,SD,SD,MIL
9/23/2025,MIA,6,5,PHI,MIA,PHI
9/23/2025,MIN,4,1,TEX,MIN,TEX
9/23/2025,PIT,4,2,CIN,PIT,CIN
9/23/2025,CWS,2,3,NYY,NYY,CWS
9/24/2025,KC,2,3,LAA,LAA,KC
9/24/2025,HOU,0,6,ATH,ATH,HOU
9/24/2025,BOS,7,1,TOR,BOS,TOR
9/24/2025,WSH,4,3,ATL,WSH,ATL
9/24/2025,NYM,3,10,CHC,CHC,NYM
9/24/2025,LAD,5,4,AZ,LAD,AZ
9/24/2025,STL,3,4,SF,SF,STL
9/24/2025,DET,1,5,CLE,CLE,DET
9/24/2025,COL,2,9,SEA,SEA,COL
9/24/2025,TB,6,2,BAL,TB,BAL
9/24/2025,MIL,3,1,SD,MIL,SD
9/24/2025,MIA,1,11,PHI,PHI,MIA
9/24/2025,MIN,2,4,TEX,TEX,MIN
9/24/2025,PIT,4,3,CIN,PIT,CIN
9/24/2025,CWS,1,8,NYY,NYY,CWS
9/25/2025,KC,9,4,LAA,KC,LAA
9/25/2025,HOU,11,5,ATH,HOU,ATH
9/25/2025,BOS,1,6,TOR,TOR,BOS
9/25/2025,NYM,8,5,CHC,NYM,CHC
9/25/2025,LAD,8,0,AZ,LAD,AZ
9/25/2025,DET,4,2,CLE,DET,CLE
9/25/2025,COL,2,6,SEA,SEA,COL
9/25/2025,TB,5,6,BAL,BAL,TB
9/25/2025,MIA,0,1,PHI,PHI,MIA
9/25/2025,MIN,4,0,TEX,MIN,TEX
9/25/2025,PIT,1,2,CIN,CIN,PIT
9/25/2025,CWS,3,5,NYY,NYY,CWS
9/26/2025,HOU,3,4,LAA,LAA,HOU
9/26/2025,KC,3,4,ATH,ATH,KC
9/26/2025,TB,2,4,TOR,TOR,TB
9/26/2025,PIT,9,3,ATL,PIT,ATL
9/26/2025,CIN,3,1,MIL,CIN,MIL
9/26/2025,STL,1,12,CHC,CHC,STL
9/26/2025,COL,3,6,SF,SF,COL
9/26/2025,TEX,7,3,CLE,TEX,CLE
9/26/2025,LAD,3,2,SEA,LAD,SEA
9/26/2025,NYM,2,6,MIA,MIA,NYM
9/26/2025,CWS,10,9,WSH,CWS,WSH
9/26/2025,AZ,4,7,SD,SD,AZ
9/26/2025,MIN,1,3,PHI,PHI,MIN
9/26/2025,DET,3,4,BOS,BOS,DET
9/26/2025,BAL,4,8,NYY,NYY,BAL
9/27/2025,HOU,6,1,LAA,HOU,LAA
9/27/2025,KC,4,2,ATH,KC,ATH
9/27/2025,TB,1,5,TOR,TOR,TB
9/27/2025,PIT,3,1,ATL,PIT,ATL
9/27/2025,CIN,7,4,MIL,CIN,MIL
9/27/2025,STL,3,7,CHC,CHC,STL
9/27/2025,COL,3,4,SF,SF,COL
9/27/2025,TEX,2,3,CLE,CLE,TEX
9/27/2025,LAD,5,3,SEA,LAD,SEA
9/27/2025,NYM,5,0,MIA,NYM,MIA
9/27/2025,CWS,5,6,WSH,WSH,CWS
9/27/2025,AZ,1,5,SD,SD,AZ
9/27/2025,MIN,5,0,PHI,MIN,PHI
9/27/2025,DET,2,1,BOS,DET,BOS
9/27/2025,BAL,1,6,NYY,NYY,BAL
9/28/2025,HOU,6,2,LAA,HOU,LAA
9/28/2025,KC,9,2,ATH,KC,ATH
9/28/2025,TB,4,13,TOR,TOR,TB
9/28/2025,PIT,1,4,ATL,ATL,PIT
9/28/2025,CIN,2,4,MIL,MIL,CIN
9/28/2025,STL,0,2,CHC,CHC,STL
9/28/2025,COL,0,4,SF,SF,COL
9/28/2025,TEX,8,9,CLE,CLE,TEX
9/28/2025,LAD,6,1,SEA,LAD,SEA
9/28/2025,NYM,0,4,MIA,MIA,NYM
9/28/2025,CWS,8,0,WSH,CWS,WSH
9/28/2025,AZ,4,12,SD,SD,AZ
9/28/2025,MIN,1,2,PHI,PHI,MIN
9/28/2025,DET,3,4,BOS,BOS,DET
9/28/2025,BAL,2,3,NYY,NYY,BAL
